2theta,intensity
10.0,1014.0
10.02,1012.7115896965793
10.04,1011.4231793931585
10.06,1010.1347690897379
10.08,1008.8463587863172
10.1,1007.5579484828964
10.12,1006.2695381794757
10.14,1004.9811278760551
10.16,1003.6927175726344
10.18,1002.4043072692136
10.2,1001.1158969657929
10.22,999.8274866623723
10.24,998.5390763589515
10.26,997.2506660555308
10.28,995.9622557521101
10.3,994.6738454486893
10.32,993.3854351452687
10.34,992.097024841848
10.36,990.8086145384273
10.38,989.5202042350065
10.4,988.2317939315859
10.42,986.9433836281652
10.44,985.6549733247444
10.46,984.3665630213237
10.48,983.0781527179031
10.5,981.7897424144824
10.52,980.5013321110616
10.54,979.2129218076409
10.56,977.9245115042202
10.58,976.6361012007995
10.6,975.3476908973788
10.62,974.0592805939581
10.64,972.7708702905373
10.66,971.4824599871167
10.68,970.194049683696
10.7,968.9056393802753
10.72,967.6172290768545
10.74,966.3288187734338
10.76,965.0404084700132
10.78,963.7519981665924
10.8,962.4635878631717
10.82,961.175177559751
10.84,959.8867672563304
10.86,958.5983569529096
10.88,957.3099466494889
10.9,956.0215363460682
10.92,954.7331260426475
10.94,953.4447157392268
10.96,952.1563054358061
10.98,950.8678951323853
11.0,949.5794848289647
11.02,948.291074525544
11.04,947.0026642221233
11.06,945.7142539187025
11.08,944.4258436152818
11.1,943.1374333118612
11.12,941.8490230084404
11.14,940.5606127050197
11.16,939.272202401599
11.18,937.9837920981784
11.2,936.6953817947576
11.22,935.4069714913369
11.24,934.1185611879162
11.26,932.8301508844954
11.28,931.5417405810748
11.3,930.2533302776541
11.32,928.9649199742333
11.34,927.6765096708127
11.36,926.388099367392
11.38,925.0996890639713
11.4,923.8112787605505
11.42,922.5228684571298
11.44,921.2344581537092
11.46,919.9460478502884
11.48,918.6576375468677
11.5,917.369227243447
11.52,916.0808169400264
11.54,914.7924066366056
11.56,913.5039963331849
11.58,912.2155860297642
11.6,910.9271757263434
11.62,909.6387654229228
11.64,908.3503551195021
11.66,907.0619448160813
11.68,905.7735345126606
11.7,904.48512420924
11.72,903.1967139058193
11.74,901.9083036023985
11.76,900.6198932989778
11.78,899.331482995557
11.8,898.0430726921364
11.82,896.7546623887157
11.84,895.466252085295
11.86,894.1778417818742
11.88,892.8894314784536
11.9,891.6010211750329
11.92,890.3126108716122
11.94,889.0242005681914
11.96,887.7357902647708
11.98,886.4473799613501
12.0,885.1589696579293
12.02,883.8705593545086
12.04,882.582149051088
12.06,881.2937387476672
12.08,880.0053284442465
12.1,878.7169181408258
12.12,877.428507837405
12.14,876.1400975339844
12.16,874.8516872305637
12.18,873.563276927143
12.2,872.2748666237222
12.22,870.9864563203016
12.24,869.6980460168809
12.26,868.4096357134601
12.28,867.1212254100394
12.3,865.8328151066187
12.32,864.5444048031981
12.34,863.2559944997773
12.36,861.9675841963566
12.38,860.679173892936
12.4,859.3907635895152
12.42,858.1023532860945
12.44,856.8139429826738
12.46,855.525532679253
12.48,854.2371223758323
12.5,852.9487120724117
12.52,851.660301768991
12.54,850.3718914655702
12.56,849.0834811621496
12.58,847.7950708587289
12.6,846.5066605553081
12.62,845.2182502518874
12.64,843.9298399484667
12.66,842.6414296450461
12.68,841.3530193416253
12.7,840.0646090382046
12.72,838.7761987347839
12.74,837.4877884313632
12.76,836.1993781279425
12.78,834.9109678245218
12.8,833.622557521101
12.82,832.3341472176803
12.84,831.0457369142597
12.86,829.757326610839
12.88,828.4689163074182
12.9,827.1805060039976
12.92,825.8920957005769
12.94,824.6036853971561
12.96,823.3152750937354
12.98,822.0268647903147
13.0,820.7384544868939
13.02,819.4500441834733
13.04,818.1616338800526
13.06,816.8732235766319
13.08,815.5848132732112
13.1,814.2964029697905
13.12,813.0079926663698
13.14,811.719582362949
13.16,810.4311720595283
13.18,809.1427617561077
13.2,807.854351452687
13.22,806.5659411492662
13.24,805.2775308458455
13.26,803.9891205424249
13.28,802.7007102390041
13.3,801.4122999355834
13.32,800.1238896321627
13.34,798.8354793287419
13.36,797.5470690253213
13.38,796.2586587219006
13.4,794.9702484184799
13.42,793.6818381150592
13.44,792.3934278116385
13.46,791.1050175082178
13.48,789.816607204797
13.5,788.5281969013763
13.52,787.2397865979556
13.54,785.951376294535
13.56,784.6629659911142
13.58,783.3745556876935
13.6,782.0861453842729
13.62,780.7977350808521
13.64,779.5093247774314
13.66,778.2209144740107
13.68,776.9325041705899
13.7,775.6440938671693
13.72,774.3556835637486
13.74,773.2572885216383
13.76,772.158893479528
13.78,771.0604984374178
13.8,769.9621033953075
13.82,768.8637083531971
13.84,767.7653133110869
13.86,766.6669182689766
13.88,765.5685232268663
13.9,764.470128184756
13.92,763.3717331426458
13.94,762.2733381005355
13.96,761.1749430584252
13.98,760.076548016315
14.0,758.9781529742046
14.02,757.8797579320943
14.04,756.781362889984
14.06,755.6829678478738
14.08,754.5845728057635
14.1,753.4861777636532
14.12,752.387782721543
14.14,751.2893876794327
14.16,750.1909926373224
14.18,749.092597595212
14.2,747.9942025531018
14.22,746.8958075109915
14.24,745.7974124688812
14.26,744.699017426771
14.28,743.6006223846607
14.3,742.5022273425504
14.32,741.4038323004402
14.34,740.3054372583299
14.36,739.2070422162196
14.38,738.1086471741093
14.4,737.010252131999
14.42,735.9118570898887
14.44,734.8134620477784
14.46,733.7150670056682
14.48,732.6166719635579
14.5,731.5182769214476
14.52,730.4198818793374
14.54,729.321486837227
14.56,728.2230917951167
14.58,727.1246967530064
14.6,726.0263017108962
14.62,724.9279066687859
14.64,723.8295116266756
14.66,722.7311165845654
14.68,721.6327215424551
14.7,720.5343265003448
14.72,719.4359314582346
14.74,718.3375364161242
14.76,717.2391413740139
14.78,716.1407463319036
14.8,715.0423512897934
14.82,713.9439562476831
14.84,712.8455612055728
14.86,711.7471661634626
14.88,710.6487711213523
14.9,709.5503760792419
14.92,708.4519810371316
14.94,707.3535859950214
14.96,706.2551909529111
14.98,705.1567959108008
15.0,704.0584008686906
15.02,702.9600058265803
15.04,701.86161078447
15.06,700.7632157423598
15.08,699.6648207002495
15.1,698.5664256581392
15.12,697.4680306160288
15.14,696.3696355739186
15.16,695.2712405318083
15.18,694.172845489698
15.2,693.0744504475878
15.22,691.9760554054775
15.24,690.8776603633672
15.26,689.779265321257
15.28,688.6808702791466
15.3,687.5824752370363
15.32,686.484080194926
15.34,685.3856851528158
15.36,684.2872901107055
15.38,683.1888950685952
15.4,682.090500026485
15.42,680.9921049843747
15.44,679.8937099422644
15.46,678.7953149001542
15.48,677.6969198580438
15.5,676.5985248159335
15.52,675.5001297738232
15.54,674.401734731713
15.56,673.3033396896027
15.58,672.2049446474924
15.6,671.1065496053822
15.62,670.0081545632719
15.64,668.9097595211615
15.66,667.8113644790512
15.68,666.712969436941
15.7,665.6145743948307
15.72,664.5161793527204
15.74,663.4177843106102
15.76,662.3193892684999
15.78,661.2209942263896
15.8,660.1225991842794
15.82,659.0242041421691
15.84,657.9258091000587
15.86,656.8274140579484
15.88,655.7290190158382
15.9,654.6306239737279
15.92,653.5322289316176
15.94,652.4338338895074
15.96,651.3354388473971
15.98,650.2370438052868
16.0,649.1386487631764
16.02,648.0402537210662
16.04,646.9418586789559
16.06,645.8434636368456
16.08,644.7450685947354
16.1,643.6466735526251
16.12,642.5482785105148
16.14,641.4498834684046
16.16,640.3514884262943
16.18,639.253093384184
16.2,638.1546983420737
16.22,637.0563032999634
16.24,635.9579082578531
16.26,634.8595132157428
16.28,633.7611181736326
16.3,632.6627231315223
16.32,631.564328089412
16.34,630.4659330473017
16.36,629.3675380051914
16.38,628.2691429630811
16.4,627.1707479209708
16.42,626.0723528788606
16.44,624.9739578367503
16.46,623.87556279464
16.48,622.7771677525297
16.5,621.6787727104195
16.52,620.5803776683092
16.54,619.4819826261989
16.56,618.3835875840887
16.58,617.2851925419783
16.6,616.186797499868
16.62,615.0884024577578
16.64,613.9900074156475
16.66,612.8916123735372
16.68,611.793217331427
16.7,610.6948222893167
16.72,609.5964272472063
16.74,608.498032205096
16.76,607.3996371629858
16.78,606.3012421208755
16.8,605.2028470787652
16.82,604.104452036655
16.84,603.0060569945447
16.86,601.9076619524344
16.88,600.8092669103241
16.9,599.7108718682139
16.92,598.6124768261036
16.94,597.5140817839933
16.96,596.415686741883
16.98,595.3172916997727
17.0,594.2188966576624
17.02,593.1205016155521
17.04,592.0221065734419
17.06,590.9237115313316
17.08,589.8253164892212
17.1,588.726921447111
17.12,587.6285264050007
17.14,586.5301313628904
17.16,585.4317363207801
17.18,584.3333412786699
17.2,583.2349462365596
17.22,582.1365511944493
17.24,581.0381561523391
17.26,579.9397611102288
17.28,578.8413660681185
17.3,577.7429710260083
17.32,576.6445759838979
17.34,575.5461809417876
17.36,574.4477858996773
17.38,573.3493908575671
17.4,572.2509958154568
17.42,571.1526007733465
17.44,570.0542057312363
17.46,568.9558106891259
17.48,567.8574156470156
17.5,566.7590206049053
17.52,565.6606255627951
17.54,564.5622305206848
17.56,563.4638354785745
17.58,562.3654404364643
17.6,561.267045394354
17.62,560.1686503522437
17.64,559.0702553101335
17.66,557.9718602680232
17.68,556.8734652259128
17.7,555.7750701838025
17.72,554.6766751416923
17.74,553.578280099582
17.76,552.4798850574717
17.78,551.3814900153615
17.8,550.2830949732512
17.82,549.1846999311408
17.84,548.0863048890305
17.86,546.9879098469203
17.88,545.88951480481
17.9,544.7911197626997
17.92,543.6927247205895
17.94,542.5943296784792
17.96,541.4959346363689
17.98,540.3975395942587
18.0,539.2991445521484
18.02,538.2007495100381
18.04,537.1023544679279
18.06,536.0039594258175
18.08,534.9055643837072
18.1,533.8071693415969
18.12,532.7087742994867
18.14,531.6103792573764
18.16,530.5119842152661
18.18,529.4135891731557
18.2,528.3151941310455
18.22,527.2167990889352
18.24,526.1184040468249
18.26,525.0200090047147
18.28,523.9216139626044
18.3,522.8232189204941
18.32,521.7248238783839
18.34,520.6264288362736
18.36,519.5280337941633
18.38,518.429638752053
18.4,517.3312437099428
18.42,516.2328486678325
18.44,515.1344536257221
18.46,514.0360585836119
18.48,512.9376635415016
18.5,511.8392684993913
18.52,510.74087345728105
18.54,509.64247841517073
18.56,508.54408337306046
18.58,507.4456883309502
18.6,506.3472932888399
18.62,505.2488982467296
18.64,504.1505032046193
18.66,503.05210816250906
18.68,501.9537131203988
18.7,500.8553180782885
18.72,499.7569230361782
18.74,498.6585279940679
18.76,497.56013295195766
18.78,496.4617379098474
18.8,495.36334286773706
18.82,494.2649478256268
18.84,493.1665527835165
18.86,492.06815774140625
18.88,490.969762699296
18.9,489.87136765718566
18.92,488.7729726150754
18.94,487.6745775729651
18.96,486.57618253085485
18.98,485.4777874887445
19.0,484.37939244663426
19.02,483.280997404524
19.04,482.1826023624137
19.06,481.08420732030345
19.08,479.9858122781931
19.1,478.88741723608285
19.12,477.7890221939726
19.14,476.6906271518623
19.16,475.592232109752
19.18,474.4938370676417
19.2,473.39544202553145
19.22,472.2970469834212
19.24,471.1986519413109
19.26,470.1002568992006
19.28,469.0018618570903
19.3,467.90346681498005
19.32,466.8050717728698
19.34,465.7066767307595
19.36,464.6082816886492
19.38,463.5098866465389
19.4,462.41149160442865
19.42,461.3130965623184
19.44,460.21470152020805
19.46,459.1163064780978
19.48,458.0179114359875
19.5,456.91951639387725
19.52,455.8211213517669
19.54,455.38227129645145
19.56,454.943421241136
19.58,454.50457118582057
19.6,454.0657211305051
19.62,453.6268710751896
19.64,453.18802101987416
19.66,452.7491709645587
19.68,452.3103209092433
19.7,451.8714708539278
19.72,451.43262079861233
19.74,450.99377074329686
19.76,450.5549206879814
19.78,450.116070632666
19.8,449.6772205773505
19.82,449.23837052203504
19.84,448.79952046671957
19.86,448.36067041140416
19.88,447.9218203560887
19.9,447.4829703007732
19.92,447.04412024545775
19.94,446.6052701901423
19.96,446.16642013482686
19.98,445.7275700795114
20.0,445.2887200241959
20.02,444.84986996888045
20.04,444.411019913565
20.06,443.9721698582496
20.08,443.5333198029341
20.1,443.09446974761863
20.12,442.65561969230316
20.14,442.2167696369877
20.16,441.7779195816723
20.18,441.3390695263568
20.2,440.90021947104134
20.22,440.46136941572587
20.24,440.0225193604104
20.26,439.583669305095
20.28,439.1448192497795
20.3,438.70596919446405
20.32,438.2671191391486
20.34,437.8282690838331
20.36,437.3894190285177
20.38,436.9505689732022
20.4,436.51171891788675
20.42,436.0728688625713
20.44,435.63401880725587
20.46,435.1951687519404
20.48,434.75631869662493
20.5,434.31746864130946
20.52,433.878618585994
20.54,433.4397685306786
20.56,433.0009184753631
20.58,432.56206842004764
20.6,432.12321836473217
20.62,431.6843683094167
20.64,431.2455182541013
20.66,430.8066681987858
20.68,430.36781814347034
20.7,429.9289680881549
20.72,429.4901180328394
20.74,429.051267977524
20.76,428.6124179222085
20.78,428.17356786689305
20.8,427.7347178115776
20.82,427.2958677562621
20.84,426.8570177009467
20.86,426.41816764563123
20.88,425.97931759031576
20.9,425.5404675350003
20.92,425.1016174796848
20.94,424.6627674243694
20.96,424.22391736905394
20.98,423.78506731373847
21.0,423.346217258423
21.02,422.9073672031076
21.04,422.4685171477921
21.06,422.02966709247664
21.08,421.5908170371612
21.1,421.1519669818457
21.12,420.71311692653023
21.14,420.2742668712148
21.16,419.83541681589935
21.18,419.3965667605839
21.2,418.9577167052684
21.22,418.518866649953
21.24,418.0800165946375
21.26,417.64116653932206
21.28,417.2023164840066
21.3,416.7634664286911
21.32,416.3246163733757
21.34,415.88576631806023
21.36,415.44691626274476
21.38,415.0080662074293
21.4,414.5692161521139
21.42,414.1303660967984
21.44,413.69151604148294
21.46,413.2526659861675
21.48,412.813815930852
21.5,412.37496587553653
21.52,411.9361158202211
21.54,411.49726576490565
21.56,411.0584157095902
21.58,410.6195656542747
21.6,410.1807155989593
21.62,409.7418655436438
21.64,409.30301548832836
21.66,408.8641654330129
21.68,408.4253153776974
21.7,407.986465322382
21.72,407.54761526706653
21.74,407.10876521175106
21.76,406.6699151564356
21.78,406.2310651011201
21.8,405.7922150458047
21.82,405.35336499048924
21.84,404.91451493517377
21.86,404.4756648798583
21.88,404.03681482454283
21.9,403.5979647692274
21.92,403.15911471391195
21.94,402.7202646585965
21.96,402.281414603281
21.98,401.8425645479656
22.0,401.4037144926501
22.02,400.96486443733465
22.04,400.5260143820192
22.06,400.0871643267037
22.08,399.64831427138824
22.1,399.20946421607283
22.12,398.77061416075736
22.14,398.3317641054419
22.16,397.8929140501264
22.18,397.454063994811
22.2,397.01521393949554
22.22,396.57636388418007
22.24,396.1375138288646
22.26,395.69866377354913
22.28,395.2598137182337
22.3,394.82096366291825
22.32,394.3821136076028
22.34,393.9432635522873
22.36,393.50441349697184
22.38,393.0655634416564
22.4,392.62671338634095
22.42,392.1878633310255
22.44,391.74901327571
22.46,391.31016322039454
22.48,390.87131316507913
22.5,390.43246310976366
22.52,389.9936130544482
22.54,389.5547629991327
22.56,389.1159129438173
22.58,388.67706288850184
22.6,388.23821283318637
22.62,387.7993627778709
22.64,387.3605127225554
22.66,386.92166266723996
22.68,386.48281261192454
22.7,386.0439625566091
22.72,385.6051125012936
22.74,385.16626244597813
22.76,384.7274123906627
22.78,384.28856233534725
22.8,383.8497122800318
22.82,383.4108622247163
22.84,382.97201216940084
22.86,382.53316211408537
22.88,382.09431205876996
22.9,381.6554620034545
22.92,381.216611948139
22.94,380.7777618928236
22.96,380.33891183750814
22.98,379.90006178219267
23.0,379.4612117268772
23.02,379.0223616715617
23.04,378.58351161624626
23.06,378.14466156093084
23.08,377.7058115056154
23.1,377.2669614502999
23.12,376.82811139498443
23.14,376.389261339669
23.16,375.95041128435355
23.18,375.5115612290381
23.2,375.0727111737226
23.22,374.63386111840714
23.24,374.19501106309167
23.26,373.75616100777626
23.28,373.3173109524608
23.3,372.8784608971453
23.32,372.43961084182985
23.34,372.00076078651443
23.36,371.56191073119896
23.38,371.1230606758835
23.4,370.684210620568
23.42,370.24536056525255
23.44,369.8065105099371
23.46,369.36766045462167
23.48,368.9288103993062
23.5,368.48996034399073
23.52,368.0511102886753
23.54,367.61226023335985
23.56,367.1734101780444
23.58,366.7345601227289
23.6,366.29571006741344
23.62,365.85686001209797
23.64,365.41800995678256
23.66,364.9791599014671
23.68,364.5403098461516
23.7,364.10145979083615
23.72,363.66260973552073
23.74,363.22375968020526
23.76,362.7849096248898
23.78,362.3460595695743
23.8,361.90720951425885
23.82,361.4683594589434
23.84,361.02950940362797
23.86,360.5906593483125
23.88,360.15180929299703
23.9,359.71295923768156
23.92,359.27410918236615
23.94,358.8352591270507
23.96,358.3964090717352
23.98,357.95755901641974
24.0,357.51870896110427
24.02,357.0798589057888
24.04,356.6410088504734
24.06,356.2021587951579
24.08,355.76330873984244
24.1,355.32445868452703
24.12,354.88560862921156
24.14,354.4467585738961
24.16,354.0079085185806
24.18,353.56905846326515
24.2,353.1302084079497
24.22,352.69135835263427
24.24,352.2525082973188
24.26,351.8136582420033
24.28,351.37480818668786
24.3,350.93595813137244
24.32,350.497108076057
24.34,350.0582580207415
24.36,349.61940796542603
24.38,349.18055791011056
24.4,348.7417078547951
24.42,348.3028577994797
24.44,347.8640077441642
24.46,347.42515768884874
24.48,346.9863076335333
24.5,346.54745757821786
24.52,346.1086075229024
24.54,345.6697574675869
24.56,345.23090741227145
24.58,344.792057356956
24.6,344.3532073016405
24.62,343.9143572463251
24.64,343.4755071910096
24.66,343.03665713569416
24.68,342.59780708037874
24.7,342.1589570250633
24.72,341.7201069697478
24.74,341.28125691443233
24.76,340.84240685911686
24.78,340.4035568038014
24.8,339.964706748486
24.82,339.5258566931705
24.84,339.08700663785504
24.86,338.64815658253957
24.88,338.20930652722416
24.9,337.7704564719087
24.92,337.3316064165932
24.94,336.89275636127775
24.96,336.4539063059623
24.98,336.0150562506468
25.0,335.5762061953314
25.02,335.1373561400159
25.04,334.69850608470045
25.06,334.259656029385
25.08,333.8208059740696
25.1,333.3819559187541
25.12,332.94310586343863
25.14,332.50425580812316
25.16,332.0654057528077
25.18,331.6265556974922
25.2,331.1877056421768
25.22,330.74885558686134
25.24,330.31000553154587
25.26,329.87115547623046
25.28,329.432305420915
25.3,328.9934553655995
25.32,328.55460531028405
25.34,328.1157552549686
25.36,327.6769051996531
25.38,327.23805514433764
25.4,326.7992050890222
25.42,326.36035503370675
25.44,325.92150497839134
25.46,325.48265492307587
25.48,325.0438048677604
25.5,324.60495481244493
25.52,324.16610475712946
25.54,323.727254701814
25.56,323.2884046464985
25.58,322.84955459118305
25.6,322.41070453586764
25.62,321.97185448055217
25.64,321.53300442523675
25.66,321.0941543699213
25.68,320.6553043146058
25.7,320.21645425929034
25.72,319.7776042039749
25.74,319.3387541486594
25.76,318.89990409334393
25.78,318.4610540380285
25.8,318.02220398271305
25.82,317.5833539273976
25.84,317.14450387208217
25.86,316.7056538167667
25.88,316.26680376145123
25.9,315.82795370613576
25.92,315.3891036508203
25.94,314.9502535955048
25.96,314.51140354018935
25.98,314.07255348487394
26.0,313.63370342955847
26.02,313.19485337424305
26.04,312.7560033189276
26.06,312.3171532636121
26.08,311.87830320829664
26.1,311.4394531529812
26.12,311.0006030976657
26.14,310.56175304235023
26.16,310.12290298703476
26.18,309.68405293171935
26.2,309.2452028764039
26.22,308.80635282108847
26.24,308.367502765773
26.26,307.9286527104575
26.28,307.48980265514206
26.3,307.0509525998266
26.32,306.6121025445111
26.34,306.17325248919565
26.36,305.73440243388023
26.38,305.29555237856476
26.4,304.8567023232493
26.42,304.4178522679339
26.44,303.9790022126184
26.46,303.54015215730294
26.48,303.10130210198747
26.5,302.662452046672
26.52,302.22360199135653
26.54,301.78475193604106
26.56,301.34590188072565
26.58,300.9070518254102
26.6,300.46820177009477
26.62,300.0293517147793
26.64,299.5905016594638
26.66,299.15165160414836
26.68,298.7128015488329
26.7,298.2739514935174
26.72,297.83510143820195
26.74,297.3962513828865
26.76,296.95740132757106
26.78,296.5185512722556
26.8,296.0797012169402
26.82,295.6408511616247
26.84,295.20200110630924
26.86,294.76315105099377
26.88,294.3243009956783
26.9,293.88545094036283
26.92,293.44660088504736
26.94,293.00775082973195
26.96,292.5689007744165
26.98,292.130050719101
27.0,291.6912006637856
27.02,291.2523506084701
27.04,290.81350055315465
27.06,290.3746504978392
27.08,289.9358004425237
27.1,289.49695038720824
27.12,289.0581003318928
27.14,288.61925027657736
27.16,288.1804002212619
27.18,287.7415501659465
27.2,287.302700110631
27.22,286.86385005531554
27.24,286.42500000000007
27.26,286.2565284178188
27.28,286.08805683563753
27.3,285.9195852534563
27.32,285.75111367127505
27.34,285.5826420890938
27.36,285.4141705069125
27.38,285.24569892473124
27.4,285.07722734255
27.42,284.90875576036876
27.44,284.7402841781875
27.46,284.5718125960062
27.48,284.40334101382496
27.5,284.2348694316437
27.52,284.0663978494625
27.54,283.8979262672812
27.56,283.72945468509994
27.58,283.56098310291867
27.6,283.3925115207374
27.62,283.22403993855613
27.64,283.0555683563749
27.66,282.88709677419365
27.68,282.7186251920124
27.7,282.5501536098311
27.72,282.38168202764984
27.74,282.2132104454686
27.76,282.04473886328736
27.78,281.8762672811061
27.8,281.7077956989248
27.82,281.53932411674356
27.84,281.3708525345623
27.86,281.2023809523811
27.88,281.0339093701998
27.9,280.86543778801854
27.92,280.69696620583727
27.94,280.528494623656
27.96,280.36002304147473
27.98,280.1915514592935
28.0,280.02307987711225
28.02,279.854608294931
28.04,279.6861367127497
28.06,279.51766513056845
28.08,279.34919354838723
28.1,279.18072196620597
28.12,279.0122503840247
28.14,278.8437788018434
28.16,278.67530721966216
28.18,278.5068356374809
28.2,278.3383640552997
28.22,278.1698924731184
28.24,278.00142089093714
28.26,277.8329493087559
28.28,277.6644777265746
28.3,277.4960061443934
28.32,277.3275345622121
28.34,277.15906298003085
28.36,276.9905913978496
28.38,276.8221198156683
28.4,276.65364823348705
28.42,276.48517665130584
28.44,276.31670506912457
28.46,276.1482334869433
28.48,275.97976190476203
28.5,275.81129032258076
28.52,275.64281874039955
28.54,275.4743471582183
28.56,275.305875576037
28.58,275.13740399385574
28.6,274.9689324116745
28.62,274.8004608294932
28.64,274.631989247312
28.66,274.4635176651307
28.68,274.29504608294945
28.7,274.1265745007682
28.72,273.9581029185869
28.74,273.7896313364057
28.76,273.62115975422444
28.78,273.45268817204317
28.8,273.2842165898619
28.82,273.11574500768063
28.84,272.94727342549936
28.86,272.77880184331815
28.88,272.6103302611369
28.9,272.4418586789556
28.92,272.27338709677434
28.94,272.1049155145931
28.96,271.93644393241186
28.98,271.7679723502306
29.0,271.5995007680493
29.02,271.43102918586806
29.04,271.2625576036868
29.06,271.0940860215055
29.08,270.9256144393243
29.1,270.75714285714304
29.12,270.58867127496177
29.14,270.4201996927805
29.16,270.25172811059923
29.18,270.083256528418
29.2,269.91478494623675
29.22,269.7463133640555
29.24,269.5778417818742
29.26,269.40937019969294
29.28,269.2408986175117
29.3,269.07242703533046
29.32,268.9039554531492
29.34,268.7354838709679
29.36,268.56701228878666
29.38,268.3985407066054
29.4,268.2300691244241
29.42,268.0615975422429
29.44,267.89312596006164
29.46,267.72465437788037
29.48,267.5561827956991
29.5,267.38771121351783
29.52,267.2192396313366
29.54,267.05076804915535
29.56,266.8822964669741
29.58,266.7138248847928
29.6,266.54535330261155
29.62,266.3768817204303
29.64,266.20841013824906
29.66,266.0399385560678
29.68,265.8714669738865
29.7,265.70299539170526
29.72,265.534523809524
29.74,265.3660522273427
29.76,265.1975806451615
29.78,265.02910906298024
29.8,264.86063748079897
29.82,264.6921658986177
29.84,264.52369431643643
29.86,264.3552227342552
29.88,264.18675115207395
29.9,264.0182795698927
29.92,263.8498079877114
29.94,263.68133640553015
29.96,263.5128648233489
29.98,263.34439324116767
30.0,263.1759216589864
30.02,263.0074500768051
30.04,262.83897849462386
30.06,262.6705069124426
30.08,262.5020353302614
30.1,262.3335637480801
30.12,262.16509216589884
30.14,261.9966205837176
30.16,261.8281490015363
30.18,261.65967741935503
30.2,261.4912058371738
30.22,261.32273425499255
30.24,261.1542626728113
30.26,260.98579109063
30.28,260.81731950844875
30.3,260.64884792626754
30.32,260.48037634408627
30.34,260.311904761905
30.36,260.14343317972373
30.38,259.97496159754246
30.4,259.8064900153612
30.42,259.63801843318
30.44,259.4695468509987
30.46,259.30107526881744
30.48,259.1326036866362
30.5,258.9641321044549
30.52,258.7956605222737
30.54,258.6271889400924
30.56,258.45871735791115
30.58,258.2902457757299
30.6,258.1217741935486
30.62,257.95330261136735
30.64,257.78483102918614
30.66,257.61635944700487
30.68,257.4478878648236
30.7,257.27941628264233
30.72,257.11094470046106
30.74,256.94247311827985
30.76,256.7740015360986
30.78,256.6055299539173
30.8,256.43705837173604
30.82,256.2685867895548
30.84,256.1001152073735
30.86,255.93164362519227
30.88,255.76317204301102
30.9,255.59470046082976
30.92,255.4262288786485
30.94,255.25775729646725
30.96,255.08928571428598
30.98,254.9208141321047
31.0,254.75234254992347
31.02,254.5838709677422
31.04,254.41539938556093
31.06,254.2469278033797
31.08,254.07845622119842
31.1,253.90998463901718
31.12,253.7415130568359
31.14,253.57304147465464
31.16,253.4045698924734
31.18,253.23609831029214
31.2,253.06762672811087
31.22,252.89915514592963
31.24,252.73068356374836
31.26,252.5622119815671
31.28,252.39374039938585
31.3,252.22526881720458
31.32,252.05679723502334
31.34,251.88832565284207
31.36,251.7198540706608
31.38,251.55138248847953
31.4,251.3829109062983
31.42,251.21443932411702
31.44,251.04596774193578
31.46,250.87749615975451
31.48,250.70902457757325
31.5,250.540552995392
31.52,250.37208141321074
31.54,250.2036098310295
31.56,250.03513824884823
31.58,249.86666666666696
31.6,249.6981950844857
31.62,249.52972350230445
31.64,249.36125192012318
31.66,249.19278033794194
31.68,249.02430875576067
31.7,248.8558371735794
31.72,248.68736559139816
31.74,248.5188940092169
31.76,248.35042242703565
31.78,248.18195084485438
31.8,248.01347926267312
31.82,247.84500768049185
31.84,247.6765360983106
31.86,247.50806451612934
31.88,247.3395929339481
31.9,247.17112135176683
31.92,247.00264976958556
31.94,246.83417818740432
31.96,246.66570660522305
31.98,246.4972350230418
32.0,246.32876344086054
32.02,246.16029185867927
32.04,245.991820276498
32.06,245.82334869431676
32.08,245.6548771121355
32.1,245.48640552995425
32.12,245.31793394777299
32.14,245.14946236559172
32.16,244.98099078341048
32.18,244.8125192012292
32.2,244.64404761904794
32.22,244.4755760368667
32.24,244.30710445468543
32.26,244.13863287250416
32.28,243.97016129032292
32.3,243.80168970814165
32.32,243.6332181259604
32.34,243.46474654377914
32.36,243.30990628639563
32.38,243.1550660290121
32.4,243.00022577162858
32.42,242.84538551424504
32.44,242.69054525686153
32.46,242.53570499947799
32.48,242.38086474209447
32.5,242.22602448471093
32.52,242.07118422732742
32.54,241.91634396994388
32.56,241.76150371256037
32.58,241.60666345517683
32.6,241.45182319779332
32.62,241.29698294040978
32.64,241.14214268302626
32.66,240.98730242564272
32.68,240.8324621682592
32.7,240.67762191087567
32.72,240.52278165349216
32.74,240.36794139610862
32.76,240.2131011387251
32.78,240.05826088134157
32.8,239.90342062395806
32.82,239.74858036657452
32.84,239.593740109191
32.86,239.43889985180746
32.88,239.28405959442395
32.9,239.1292193370404
32.92,238.9743790796569
32.94,238.8195388222734
32.96,238.66469856488985
32.98,238.50985830750633
33.0,238.3550180501228
33.02,238.20017779273928
33.04,238.04533753535574
33.06,237.89049727797223
33.08,237.7356570205887
33.1,237.58081676320518
33.12,237.42597650582164
33.14,237.27113624843813
33.16,237.11629599105459
33.18,236.96145573367107
33.2,236.80661547628753
33.22,236.65177521890402
33.24,236.49693496152048
33.26,236.34209470413697
33.28,236.18725444675343
33.3,236.03241418936992
33.32,235.87757393198638
33.34,235.72273367460286
33.36,235.56789341721932
33.38,235.4130531598358
33.4,235.25821290245227
33.42,235.10337264506876
33.44,234.94853238768522
33.46,234.7936921303017
33.48,234.63885187291817
33.5,234.48401161553465
33.52,234.32917135815114
33.54,234.1743311007676
33.56,234.01949084338406
33.58,233.86465058600055
33.6,233.70981032861704
33.62,233.5549700712335
33.64,233.40012981385
33.66,233.24528955646645
33.68,233.09044929908293
33.7,232.9356090416994
33.72,232.78076878431588
33.74,232.62592852693234
33.76,232.47108826954883
33.78,232.3162480121653
33.8,232.16140775478178
33.82,232.00656749739824
33.84,231.85172724001472
33.86,231.69688698263118
33.88,231.54204672524767
33.9,231.38720646786413
33.92,231.23236621048062
33.94,231.07752595309708
33.96,230.92268569571357
33.98,230.76784543833003
34.0,230.61300518094652
34.02,230.45816492356298
34.04,230.30332466617946
34.06,230.14848440879592
34.08,229.9936441514124
34.1,229.83880389402887
34.12,229.68396363664536
34.14,229.52912337926182
34.16,229.3742831218783
34.18,229.2194428644948
34.2,229.06460260711125
34.22,228.90976234972774
34.24,228.7549220923442
34.26,228.6000818349607
34.28,228.44524157757715
34.3,228.29040132019364
34.32,228.1355610628101
34.34,227.98072080542659
34.36,227.82588054804305
34.38,227.67104029065953
34.4,227.516200033276
34.42,227.36135977589248
34.44,227.20651951850894
34.46,227.05167926112543
34.48,226.8968390037419
34.5,226.74199874635838
34.52,226.58715848897484
34.54,226.43231823159132
34.56,226.27747797420778
34.58,226.12263771682427
34.6,225.96779745944073
34.62,225.81295720205722
34.64,225.65811694467368
34.66,225.50327668729017
34.68,225.34843642990666
34.7,225.19359617252312
34.72,225.03875591513957
34.74,224.88391565775606
34.76,224.72907540037255
34.78,224.574235142989
34.8,224.41939488560547
34.82,224.26455462822196
34.84,224.10971437083845
34.86,223.9548741134549
34.88,223.8000338560714
34.9,223.64519359868785
34.92,223.49035334130434
34.94,223.3355130839208
34.96,223.1806728265373
34.98,223.02583256915375
35.0,222.87099231177024
35.02,222.7161520543867
35.04,222.56131179700319
35.06,222.40647153961964
35.08,222.25163128223613
35.1,222.0967910248526
35.12,221.94195076746908
35.14,221.78711051008554
35.16,221.63227025270203
35.18,221.4774299953185
35.2,221.32258973793498
35.22,221.16774948055144
35.24,221.01290922316792
35.26,220.85806896578438
35.28,220.70322870840087
35.3,220.54838845101733
35.32,220.39354819363382
35.34,220.2387079362503
35.36,220.08386767886677
35.38,219.92902742148323
35.4,219.77418716409971
35.42,219.6193469067162
35.44,219.46450664933266
35.46,219.30966639194915
35.48,219.1548261345656
35.5,218.9999858771821
35.52,218.84514561979856
35.54,218.69030536241505
35.56,218.5354651050315
35.58,218.380624847648
35.6,218.22578459026445
35.62,218.07094433288094
35.64,217.9161040754974
35.66,217.7612638181139
35.68,217.60642356073035
35.7,217.45158330334684
35.72,217.2967430459633
35.74,217.14190278857978
35.76,216.98706253119624
35.78,216.83222227381273
35.8,216.6773820164292
35.82,216.52254175904568
35.84,216.36770150166214
35.86,216.21286124427863
35.88,216.0580209868951
35.9,215.90318072951158
35.92,215.74834047212806
35.94,215.59350021474452
35.96,215.43865995736098
35.98,215.28381969997747
36.0,215.12897944259396
36.02,214.97413918521042
36.04,214.8192989278269
36.06,214.66445867044337
36.08,214.50961841305985
36.1,214.3547781556763
36.12,214.1999378982928
36.14,214.04509764090926
36.16,213.89025738352575
36.18,213.7354171261422
36.2,213.5805768687587
36.22,213.42573661137516
36.24,213.27089635399165
36.26,213.1160560966081
36.28,212.9612158392246
36.3,212.80637558184105
36.32,212.65153532445754
36.34,212.496695067074
36.36,212.3418548096905
36.38,212.18701455230695
36.4,212.03217429492344
36.42,211.8773340375399
36.44,211.72249378015638
36.46,211.56765352277284
36.48,211.41281326538933
36.5,211.25797300800582
36.52,211.10313275062228
36.54,210.94829249323874
36.56,210.79345223585523
36.58,210.63861197847172
36.6,210.48377172108817
36.62,210.32893146370463
36.64,210.17409120632112
36.66,210.0192509489376
36.68,209.86441069155407
36.7,209.70957043417053
36.72,209.55473017678702
36.74,209.3998899194035
36.76,209.24504966201997
36.78,209.09020940463645
36.8,208.9353691472529
36.82,208.7805288898694
36.84,208.62568863248586
36.86,208.47084837510235
36.88,208.3160081177188
36.9,208.1611678603353
36.92,208.00632760295176
36.94,207.85148734556824
36.96,207.6966470881847
36.98,207.5418068308012
37.0,207.38696657341765
37.02,207.23212631603414
37.04,207.0772860586506
37.06,206.9224458012671
37.08,206.76760554388358
37.1,206.61276528650004
37.12,206.4579250291165
37.14,206.30308477173298
37.16,206.14824451434947
37.18,205.99340425696593
37.2,205.8385639995824
37.22,205.68372374219888
37.24,205.52888348481537
37.26,205.37404322743183
37.28,205.2192029700483
37.3,205.06436271266477
37.32,204.90952245528126
37.34,204.75468219789772
37.36,204.5998419405142
37.38,204.44500168313067
37.4,204.29016142574716
37.42,204.13532116836362
37.44,203.9804809109801
37.46,203.82564065359657
37.48,203.67080039621305
37.5,203.5159601388295
37.52,203.361119881446
37.54,203.20627962406246
37.56,203.05143936667895
37.58,202.8965991092954
37.6,202.7417588519119
37.62,202.58691859452836
37.64,202.43207833714484
37.66,202.27723807976133
37.68,202.1223978223778
37.7,201.96755756499425
37.72,201.81271730761074
37.74,201.65787705022723
37.76,201.5030367928437
37.78,201.34819653546015
37.8,201.19335627807664
37.82,201.03851602069312
37.84,200.88367576330958
37.86,200.72883550592604
37.88,200.57399524854253
37.9,200.41915499115902
37.92,200.26431473377548
37.94,200.10947447639197
37.96,199.95463421900843
37.98,199.7997939616249
38.0,199.64495370424137
38.02,199.49011344685786
38.04,199.33527318947432
38.06,199.1804329320908
38.08,199.02559267470727
38.1,198.87075241732376
38.12,198.71591215994022
38.14,198.5610719025567
38.16,198.40623164517316
38.18,198.25139138778965
38.2,198.0965511304061
38.22,197.9417108730226
38.24,197.7868706156391
38.26,197.63203035825555
38.28,197.477190100872
38.3,197.3223498434885
38.32,197.16750958610498
38.34,197.01266932872144
38.36,196.8578290713379
38.38,196.7029888139544
38.4,196.54814855657088
38.42,196.39330829918734
38.44,196.2384680418038
38.46,196.0836277844203
38.48,195.92878752703677
38.5,195.77394726965323
38.52,195.61910701226972
38.54,195.46426675488618
38.56,195.30942649750267
38.58,195.15458624011913
38.6,194.99974598273562
38.62,194.84490572535208
38.64,194.69006546796857
38.66,194.53522521058503
38.68,194.3803849532015
38.7,194.22554469581797
38.72,194.07070443843446
38.74,193.91586418105092
38.76,193.7610239236674
38.78,193.60618366628387
38.8,193.45134340890036
38.82,193.29650315151684
38.84,193.1416628941333
38.86,192.98682263674976
38.88,192.83198237936625
38.9,192.67714212198274
38.92,192.5223018645992
38.94,192.36746160721566
38.96,192.21262134983215
38.98,192.05778109244864
39.0,191.9029408350651
39.02,191.74810057768156
39.04,191.59326032029804
39.06,191.43842006291453
39.08,191.283579805531
39.1,191.12873954814745
39.12,190.97389929076394
39.14,190.81905903338043
39.16,190.6642187759969
39.18,190.50937851861337
39.2,190.35453826122983
39.22,190.19969800384632
39.24,190.04485774646278
39.26,189.89001748907927
39.28,189.73517723169573
39.3,189.58033697431222
39.32,189.42549671692868
39.34,189.27065645954517
39.36,189.11581620216162
39.38,188.9609759447781
39.4,188.80613568739457
39.42,188.65129543001106
39.44,188.49645517262752
39.46,188.341614915244
39.48,188.1867746578605
39.5,188.03193440047696
39.52,187.87709414309342
39.54,187.7222538857099
39.56,187.5674136283264
39.58,187.41257337094285
39.6,187.2577331135593
39.62,187.1028928561758
39.64,186.9480525987923
39.66,186.79321234140875
39.68,186.6383720840252
39.7,186.4835318266417
39.72,186.32869156925818
39.74,186.17385131187464
39.76,186.01901105449113
39.78,185.8641707971076
39.8,185.70933053972408
39.82,185.55449028234054
39.84,185.39965002495703
39.86,185.24480976757349
39.88,185.08996951018997
39.9,184.93512925280643
39.92,184.78028899542292
39.94,184.62544873803938
39.96,184.47060848065587
39.98,184.31576822327233
40.0,184.16092796588882
40.02,184.00608770850528
40.04,183.85124745112176
40.06,183.69640719373825
40.08,183.5415669363547
40.1,183.38672667897117
40.12,183.23188642158766
40.14,183.07704616420415
40.16,182.9222059068206
40.18,182.76736564943707
40.2,182.61252539205356
40.22,182.45768513467004
40.24,182.3028448772865
40.26,182.14800461990296
40.28,181.99316436251945
40.3,181.97810149013984
40.32,181.9630386177602
40.34,181.94797574538057
40.36,181.93291287300093
40.38,181.9178500006213
40.4,181.9027871282417
40.42,181.88772425586205
40.44,181.87266138348244
40.46,181.8575985111028
40.48,181.84253563872318
40.5,181.82747276634356
40.52,181.81240989396392
40.54,181.7973470215843
40.56,181.78228414920466
40.58,181.76722127682504
40.6,181.7521584044454
40.62,181.73709553206578
40.64,181.72203265968616
40.66,181.70696978730652
40.68,181.6919069149269
40.7,181.67684404254726
40.72,181.66178117016764
40.74,181.64671829778803
40.76,181.63165542540838
40.78,181.61659255302877
40.8,181.60152968064912
40.82,181.5864668082695
40.84,181.5714039358899
40.86,181.55634106351025
40.88,181.54127819113063
40.9,181.52621531875099
40.92,181.51115244637137
40.94,181.49608957399175
40.96,181.4810267016121
40.98,181.4659638292325
41.0,181.45090095685285
41.02,181.43583808447323
41.04,181.42077521209362
41.06,181.40571233971397
41.08,181.39064946733436
41.1,181.3755865949547
41.12,181.3605237225751
41.14,181.34546085019548
41.16,181.33039797781584
41.18,181.31533510543622
41.2,181.30027223305657
41.22,181.28520936067696
41.24,181.2701464882973
41.26,181.2550836159177
41.28,181.24002074353808
41.3,181.22495787115844
41.32,181.20989499877882
41.34,181.19483212639918
41.36,181.17976925401956
41.38,181.16470638163995
41.4,181.1496435092603
41.42,181.13458063688068
41.44,181.11951776450104
41.46,181.10445489212142
41.48,181.0893920197418
41.5,181.07432914736216
41.52,181.05926627498255
41.54,181.0442034026029
41.56,181.0291405302233
41.58,181.01407765784367
41.6,180.99901478546403
41.62,180.9839519130844
41.64,180.96888904070477
41.66,180.95382616832515
41.68,180.93876329594553
41.7,180.9237004235659
41.72,180.90863755118627
41.74,180.89357467880663
41.76,180.878511806427
41.78,180.86344893404737
41.8,180.84838606166775
41.82,180.83332318928814
41.84,180.8182603169085
41.86,180.80319744452888
41.88,180.78813457214923
41.9,180.77307169976962
41.92,180.75800882739
41.94,180.74294595501036
41.96,180.72788308263074
41.98,180.7128202102511
42.0,180.69775733787148
42.02,180.68269446549186
42.04,180.66763159311222
42.06,180.6525687207326
42.08,180.63750584835296
42.1,180.62244297597334
42.12,180.60738010359373
42.14,180.59231723121408
42.16,180.57725435883447
42.18,180.56219148645482
42.2,180.5471286140752
42.22,180.5320657416956
42.24,180.51700286931595
42.26,180.50193999693633
42.28,180.48687712455668
42.3,180.47181425217707
42.32,180.45675137979742
42.34,180.4416885074178
42.36,180.4266256350382
42.38,180.41156276265855
42.4,180.39649989027893
42.42,180.3814370178993
42.44,180.36637414551967
42.46,180.35131127314006
42.48,180.3362484007604
42.5,180.3211855283808
42.52,180.30612265600115
42.54,180.29105978362153
42.56,180.27599691124192
42.58,180.26093403886227
42.6,180.24587116648266
42.62,180.230808294103
42.64,180.2157454217234
42.66,180.20068254934378
42.68,180.18561967696414
42.7,180.17055680458452
42.72,180.15549393220488
42.74,180.14043105982526
42.76,180.12536818744564
42.78,180.110305315066
42.8,180.09524244268638
42.82,180.08017957030674
42.84,180.06511669792712
42.86,180.05005382554748
42.88,180.03499095316786
42.9,180.01992808078825
42.92,180.0048652084086
42.94,179.989802336029
42.96,179.97473946364934
42.98,179.95967659126973
43.0,179.9446137188901
43.02,179.92955084651047
43.04,179.91448797413085
43.06,179.8994251017512
43.08,179.8843622293716
43.1,179.86929935699197
43.12,179.85423648461233
43.14,179.8391736122327
43.16,179.82411073985307
43.18,179.80904786747345
43.2,179.79398499509384
43.22,179.7789221227142
43.24,179.76385925033458
43.26,179.74879637795493
43.28,179.73373350557532
43.3,179.7186706331957
43.32,179.70360776081606
43.34,179.68854488843644
43.36,179.6734820160568
43.38,179.65841914367718
43.4,179.64335627129756
43.42,179.62829339891792
43.44,179.6132305265383
43.46,179.59816765415866
43.48,179.58310478177904
43.5,179.5680419093994
43.52,179.55297903701978
43.54,179.53791616464017
43.56,179.52285329226052
43.58,179.5077904198809
43.6,179.49272754750126
43.62,179.47766467512164
43.64,179.46260180274203
43.66,179.44753893036238
43.68,179.43247605798277
43.7,179.41741318560312
43.72,179.4023503132235
43.74,179.3872874408439
43.76,179.37222456846425
43.78,179.35716169608463
43.8,179.342098823705
43.82,179.32703595132537
43.84,179.31197307894575
43.86,179.2969102065661
43.88,179.2818473341865
43.9,179.26678446180685
43.92,179.25172158942723
43.94,179.23665871704762
43.96,179.22159584466797
43.98,179.20653297228836
44.0,179.1914700999087
44.02,179.1764072275291
44.04,179.16134435514945
44.06,179.14628148276984
44.08,179.13121861039022
44.1,179.11615573801058
44.12,179.10109286563096
44.14,179.08602999325132
44.16,179.0709671208717
44.18,179.05590424849208
44.2,179.04084137611244
44.22,179.02577850373282
44.24,179.01071563135318
44.26,178.99565275897356
44.28,178.98058988659395
44.3,178.9655270142143
44.32,178.9504641418347
44.34,178.93540126945504
44.36,178.92033839707543
44.38,178.9052755246958
44.4,178.89021265231617
44.42,178.87514977993655
44.44,178.8600869075569
44.46,178.8450240351773
44.48,178.82996116279767
44.5,178.81489829041803
44.52,178.7998354180384
44.54,178.78477254565877
44.56,178.76970967327915
44.58,178.75464680089954
44.6,178.7395839285199
44.62,178.72452105614028
44.64,178.70945818376063
44.66,178.69439531138102
44.68,178.67933243900137
44.7,178.66426956662175
44.72,178.64920669424214
44.74,178.6341438218625
44.76,178.61908094948288
44.78,178.60401807710323
44.8,178.58895520472362
44.82,178.573892332344
44.84,178.55882945996436
44.86,178.54376658758474
44.88,178.5287037152051
44.9,178.51364084282548
44.92,178.49857797044587
44.94,178.48351509806622
44.96,178.4684522256866
44.98,178.45338935330696
45.0,178.43832648092734
45.02,178.42326360854773
45.04,178.40820073616808
45.06,178.39313786378847
45.08,178.37807499140882
45.1,178.3630121190292
45.12,178.3479492466496
45.14,178.33288637426995
45.16,178.31782350189033
45.18,178.3027606295107
45.2,178.28769775713107
45.22,178.27263488475143
45.24,178.2575720123718
45.26,178.2425091399922
45.28,178.22744626761255
45.3,178.21238339523293
45.32,178.1973205228533
45.34,178.18225765047367
45.36,178.16719477809406
45.38,178.1521319057144
45.4,178.1370690333348
45.42,178.12200616095515
45.44,178.10694328857554
45.46,178.09188041619592
45.48,178.07681754381628
45.5,178.06175467143666
45.52,178.04669179905702
45.54,178.0316289266774
45.56,178.01656605429778
45.58,178.00150318191814
45.6,177.98644030953852
45.62,177.97137743715888
45.64,177.95631456477926
45.66,177.94125169239965
45.68,177.92618882002
45.7,177.9111259476404
45.72,177.89606307526074
45.74,177.88100020288113
45.76,177.86593733050148
45.78,177.85087445812187
45.8,177.83581158574225
45.82,177.8207487133626
45.84,177.805685840983
45.86,177.79062296860334
45.88,177.77556009622373
45.9,177.7604972238441
45.92,177.74543435146447
45.94,177.73037147908485
45.96,177.7153086067052
45.98,177.7002457343256
46.0,177.68518286194598
46.02,177.67011998956633
46.04,177.65505711718671
46.06,177.63999424480707
46.08,177.62493137242745
46.1,177.60986850004784
46.12,177.5948056276682
46.14,177.57974275528858
46.16,177.56467988290893
46.18,177.54961701052932
46.2,177.5345541381497
46.22,177.51949126577006
46.24,177.50442839339044
46.26,177.4893655210108
46.28,177.47430264863118
46.3,177.45923977625154
46.32,177.44417690387192
46.34,177.4291140314923
46.36,177.41405115911266
46.38,177.39898828673304
46.4,177.3839254143534
46.42,177.36886254197378
46.44,177.35379966959417
46.46,177.33873679721452
46.48,177.3236739248349
46.5,177.30861105245526
46.52,177.29354818007565
46.54,177.27848530769603
46.56,177.2634224353164
46.58,177.24835956293677
46.6,177.23329669055713
46.62,177.2182338181775
46.64,177.2031709457979
46.66,177.18810807341825
46.68,177.17304520103863
46.7,177.157982328659
46.72,177.14291945627937
46.74,177.12785658389976
46.76,177.1127937115201
46.78,177.0977308391405
46.8,177.08266796676085
46.82,177.06760509438124
46.84,177.0525422220016
46.86,177.03747934962198
46.88,177.02241647724236
46.9,177.00735360486271
46.92,176.9922907324831
46.94,176.97722786010345
46.96,176.96216498772384
46.98,176.94710211534422
47.0,176.93203924296458
47.02,176.91697637058496
47.04,176.90191349820532
47.06,176.8868506258257
47.08,176.87178775344609
47.1,176.85672488106644
47.12,176.84166200868682
47.14,176.82659913630718
47.16,176.81153626392756
47.18,176.79647339154795
47.2,176.7814105191683
47.22,176.7663476467887
47.24,176.75128477440904
47.26,176.73622190202943
47.28,176.7211590296498
47.3,176.70609615727017
47.32,176.69103328489055
47.34,176.6759704125109
47.36,176.6609075401313
47.38,176.64584466775167
47.4,176.63078179537203
47.42,176.61571892299241
47.44,176.60065605061277
47.46,176.58559317823315
47.48,176.57053030585354
47.5,176.5554674334739
47.52,176.54040456109428
47.54,176.52534168871463
47.56,176.51027881633502
47.58,176.49521594395537
47.6,176.48015307157576
47.62,176.46509019919614
47.64,176.4500273268165
47.66,176.43496445443688
47.68,176.41990158205724
47.7,176.40483870967762
47.72,176.38657620754415
47.74,176.36831370541069
47.76,176.35005120327722
47.78,176.33178870114375
47.8,176.31352619901028
47.82,176.29526369687682
47.84,176.27700119474332
47.86,176.25873869260985
47.88,176.2404761904764
47.9,176.22221368834292
47.92,176.20395118620945
47.94,176.18568868407598
47.96,176.16742618194252
47.98,176.14916367980905
48.0,176.13090117767558
48.02,176.11263867554212
48.04,176.09437617340865
48.06,176.07611367127518
48.08,176.0578511691417
48.1,176.03958866700825
48.12,176.02132616487475
48.14,176.00306366274128
48.16,175.98480116060782
48.18,175.96653865847435
48.2,175.94827615634088
48.22,175.93001365420741
48.24,175.91175115207395
48.26,175.89348864994048
48.28,175.875226147807
48.3,175.85696364567355
48.32,175.83870114354008
48.34,175.8204386414066
48.36,175.80217613927314
48.38,175.78391363713968
48.4,175.76565113500618
48.42,175.7473886328727
48.44,175.72912613073925
48.46,175.71086362860578
48.48,175.6926011264723
48.5,175.67433862433884
48.52,175.65607612220538
48.54,175.6378136200719
48.56,175.61955111793844
48.58,175.60128861580498
48.6,175.5830261136715
48.62,175.56476361153804
48.64,175.54650110940457
48.66,175.5282386072711
48.68,175.5099761051376
48.7,175.49171360300414
48.72,175.47345110087068
48.74,175.4551885987372
48.76,175.43692609660374
48.78,175.41866359447027
48.8,175.4004010923368
48.82,175.38213859020334
48.84,175.36387608806987
48.86,175.3456135859364
48.88,175.32735108380294
48.9,175.30908858166947
48.92,175.290826079536
48.94,175.27256357740254
48.96,175.25430107526904
48.98,175.23603857313557
49.0,175.2177760710021
49.02,175.19951356886864
49.04,175.18125106673517
49.06,175.1629885646017
49.08,175.14472606246824
49.1,175.12646356033477
49.12,175.1082010582013
49.14,175.08993855606784
49.16,175.07167605393437
49.18,175.0534135518009
49.2,175.03515104966743
49.22,175.01688854753397
49.24,174.99862604540047
49.26,174.980363543267
49.28,174.96210104113354
49.3,174.94383853900007
49.32,174.9255760368666
49.34,174.90731353473313
49.36,174.88905103259967
49.38,174.8707885304662
49.4,174.85252602833273
49.42,174.83426352619927
49.44,174.8160010240658
49.46,174.79773852193233
49.48,174.77947601979886
49.5,174.7612135176654
49.52,174.7429510155319
49.54,174.72468851339843
49.56,174.70642601126497
49.58,174.6881635091315
49.6,174.66990100699803
49.62,174.65163850486456
49.64,174.6333760027311
49.66,174.61511350059763
49.68,174.59685099846416
49.7,174.5785884963307
49.72,174.56032599419723
49.74,174.54206349206376
49.76,174.5238009899303
49.78,174.50553848779683
49.8,174.48727598566333
49.82,174.46901348352986
49.84,174.4507509813964
49.86,174.43248847926293
49.88,174.41422597712946
49.9,174.395963474996
49.92,174.37770097286253
49.94,174.35943847072906
49.96,174.3411759685956
49.98,174.32291346646213
50.0,174.30465096432866
50.02,174.2863884621952
50.04,174.26812596006172
50.06,174.24986345792826
50.08,174.23160095579476
50.1,174.2133384536613
50.12,174.19507595152783
50.14,174.17681344939436
50.16,174.1585509472609
50.18,174.14028844512742
50.2,174.12202594299396
50.22,174.1037634408605
50.24,174.08550093872702
50.26,174.06723843659356
50.28,174.0489759344601
50.3,174.03071343232662
50.32,174.01245093019315
50.34,173.9941884280597
50.36,173.9759259259262
50.38,173.95766342379272
50.4,173.93940092165926
50.42,173.9211384195258
50.44,173.90287591739232
50.46,173.88461341525885
50.48,173.8663509131254
50.5,173.84808841099192
50.52,173.82982590885845
50.54,173.81156340672499
50.56,173.79330090459152
50.58,173.77503840245805
50.6,173.75677590032458
50.62,173.73851339819112
50.64,173.72025089605762
50.66,173.70198839392415
50.68,173.6837258917907
50.7,173.66546338965722
50.72,173.64720088752375
50.74,173.62893838539028
50.76,173.61067588325682
50.78,173.59241338112335
50.8,173.57415087898988
50.82,173.55588837685642
50.84,173.53762587472295
50.86,173.51936337258948
50.88,173.501100870456
50.9,173.48283836832252
50.92,173.46457586618905
50.94,173.44631336405558
50.96,173.42805086192212
50.98,173.40978835978865
51.0,173.39152585765518
51.02,173.37326335552171
51.04,173.35500085338825
51.06,173.33673835125478
51.08,173.3184758491213
51.1,173.30021334698785
51.12,173.28195084485438
51.14,173.2636883427209
51.16,173.24542584058744
51.18,173.22716333845395
51.2,173.20890083632048
51.22,173.190638334187
51.24,173.17237583205355
51.26,173.15411332992008
51.28,173.1358508277866
51.3,173.11758832565314
51.32,173.09932582351968
51.34,173.0810633213862
51.36,173.06280081925274
51.38,173.04453831711928
51.4,173.0262758149858
51.42,173.00801331285234
51.44,172.98975081071887
51.46,172.97148830858538
51.48,172.9532258064519
51.5,172.93496330431844
51.52,172.91670080218498
51.54,172.8984383000515
51.56,172.88017579791804
51.58,172.86191329578457
51.6,172.8436507936511
51.62,172.82538829151764
51.64,172.80712578938417
51.66,172.7888632872507
51.68,172.77060078511724
51.7,172.75233828298377
51.72,172.7340757808503
51.74,172.7158132787168
51.76,172.69755077658334
51.78,172.67928827444987
51.8,172.6610257723164
51.82,172.64276327018294
51.84,172.62450076804947
51.86,172.606238265916
51.88,172.58797576378254
51.9,172.56971326164907
51.92,172.5514507595156
51.94,172.53318825738214
51.96,172.51492575524867
51.98,172.4966632531152
52.0,172.47840075098173
52.02,172.46013824884824
52.04,172.44187574671477
52.06,172.4236132445813
52.08,172.40535074244784
52.1,172.38708824031437
52.12,172.3688257381809
52.14,172.35056323604744
52.16,172.33230073391397
52.18,172.3140382317805
52.2,172.29577572964703
52.22,172.27751322751357
52.24,172.2592507253801
52.26,172.24098822324663
52.28,172.22272572111316
52.3,172.20446321897967
52.32,172.1862007168462
52.34,172.16793821471273
52.36,172.14967571257927
52.38,172.1314132104458
52.4,172.11315070831233
52.42,172.09488820617887
52.44,172.0766257040454
52.46,172.05836320191193
52.48,172.04010069977846
52.5,172.021838197645
52.52,172.00357569551153
52.54,171.98531319337806
52.56,171.9670506912446
52.58,171.9487881891111
52.6,171.93052568697763
52.62,171.91226318484416
52.64,171.8940006827107
52.66,171.87573818057723
52.68,171.85747567844376
52.7,171.8392131763103
52.72,171.82095067417683
52.74,171.80268817204336
52.76,171.7844256699099
52.78,171.76616316777643
52.8,171.74790066564296
52.82,171.7296381635095
52.84,171.71137566137602
52.86,171.69311315924253
52.88,171.67485065710906
52.9,171.6565881549756
52.92,171.63832565284213
52.94,171.62006315070866
52.96,171.6018006485752
52.98,171.58353814644173
53.0,171.56527564430826
53.02,171.5470131421748
53.04,171.52875064004132
53.06,171.51048813790786
53.08,171.4922256357744
53.1,171.47396313364092
53.12,171.45570063150745
53.14,171.43743812937396
53.16,171.4191756272405
53.18,171.40091312510702
53.2,171.38265062297356
53.22,171.3643881208401
53.24,171.34612561870662
53.26,171.32786311657316
53.28,171.3096006144397
53.3,171.29133811230622
53.32,171.27307561017275
53.34,171.2548131080393
53.36,171.23655060590582
53.38,171.21828810377235
53.4,171.20002560163886
53.42,171.1817630995054
53.44,171.16350059737192
53.46,171.14523809523845
53.48,171.126975593105
53.5,171.10871309097152
53.52,171.09045058883805
53.54,171.07218808670459
53.56,171.05392558457112
53.58,171.03566308243765
53.6,171.01740058030418
53.62,170.99913807817072
53.64,170.98087557603725
53.66,170.96261307390378
53.68,170.94435057177031
53.7,170.92608806963682
53.72,170.90782556750335
53.74,170.88956306536988
53.76,170.87130056323642
53.78,170.85303806110295
53.8,170.83477555896948
53.82,170.81651305683602
53.84,170.81651305683602
53.86,170.81651305683602
53.88,170.81651305683602
53.9,170.81651305683602
53.92,170.81651305683602
53.94,170.81651305683602
53.96,170.81651305683602
53.98,170.81651305683602
54.0,170.81651305683602
54.02,170.81651305683602
54.04,170.81651305683602
54.06,170.81651305683602
54.08,170.81651305683602
54.1,170.81651305683602
54.12,170.81651305683602
54.14,170.81651305683602
54.16,170.81651305683602
54.18,170.81651305683602
54.2,170.81651305683602
54.22,170.81651305683602
54.24,170.81651305683602
54.26,170.81651305683602
54.28,170.81651305683602
54.3,170.81651305683602
54.32,170.81651305683602
54.34,170.81651305683602
54.36,170.81651305683602
54.38,170.81651305683602
54.4,170.81651305683602
54.42,170.81651305683602
54.44,170.81651305683602
54.46,170.81651305683602
54.48,170.81651305683602
54.5,170.81651305683602
54.52,170.81651305683602
54.54,170.81651305683602
54.56,170.81651305683602
54.58,170.81651305683602
54.6,170.81651305683602
54.62,170.81651305683602
54.64,170.81651305683602
54.66,170.81651305683602
54.68,170.81651305683602
54.7,170.81651305683602
54.72,170.81651305683602
54.74,170.81651305683602
54.76,170.81651305683602
54.78,170.81651305683602
54.8,170.81651305683602
54.82,170.81651305683602
54.84,170.81651305683602
54.86,170.81651305683602
54.88,170.81651305683602
54.9,170.81651305683602
54.92,170.81651305683602
54.94,170.81651305683602
54.96,170.81651305683602
54.98,170.81651305683602
55.0,170.81651305683602
55.02,170.81651305683602
55.04,170.81651305683602
55.06,170.81651305683602
55.08,170.81651305683602
55.1,170.81651305683602
55.12,170.81651305683602
55.14,170.81651305683602
55.16,170.81651305683602
55.18,170.81651305683602
55.2,170.81651305683602
55.22,170.81651305683602
55.24,170.81651305683602
55.26,170.81651305683602
55.28,170.81651305683602
55.3,170.81651305683602
55.32,170.81651305683602
55.34,170.81651305683602
55.36,170.81651305683602
55.38,170.81651305683602
55.4,170.81651305683602
55.42,170.81651305683602
55.44,170.81651305683602
55.46,170.81651305683602
55.48,170.81651305683602
55.5,170.81651305683602
55.52,170.81651305683602
55.54,170.81651305683602
55.56,170.81651305683602
55.58,170.81651305683602
55.6,170.81651305683602
55.62,170.81651305683602
55.64,170.81651305683602
55.66,170.81651305683602
55.68,170.81651305683602
55.7,170.81651305683602
55.72,170.81651305683602
55.74,170.81651305683602
55.76,170.81651305683602
55.78,170.81651305683602
55.8,170.81651305683602
55.82,170.81651305683602
55.84,170.81651305683602
55.86,170.81651305683602
55.88,170.81651305683602
55.9,170.81651305683602
55.92,170.81651305683602
55.94,170.81651305683602
55.96,170.81651305683602
55.98,170.81651305683602
56.0,170.81651305683602
56.02,170.81651305683602
56.04,170.81651305683602
56.06,170.81651305683602
56.08,170.81651305683602
56.1,170.81651305683602
56.12,170.81651305683602
56.14,170.81651305683602
56.16,170.81651305683602
56.18,170.81651305683602
56.2,170.81651305683602
56.22,170.81651305683602
56.24,170.81651305683602
56.26,170.81651305683602
56.28,170.81651305683602
56.3,170.81651305683602
56.32,170.81651305683602
56.34,170.81651305683602
56.36,170.81651305683602
56.38,170.81651305683602
56.4,170.81651305683602
56.42,170.81651305683602
56.44,170.81651305683602
56.46,170.81651305683602
56.48,170.81651305683602
56.5,170.81651305683602
56.52,170.81651305683602
56.54,170.81651305683602
56.56,170.81651305683602
56.58,170.81651305683602
56.6,170.81651305683602
56.62,170.81651305683602
56.64,170.81651305683602
56.66,170.81651305683602
56.68,170.81651305683602
56.7,170.81651305683602
56.72,170.81651305683602
56.74,170.81651305683602
56.76,170.81651305683602
56.78,170.81651305683602
56.8,170.81651305683602
56.82,170.81651305683602
56.84,170.81651305683602
56.86,170.81651305683602
56.88,170.81651305683602
56.9,170.81651305683602
56.92,170.81651305683602
56.94,170.81651305683602
56.96,170.81651305683602
56.98,170.81651305683602
57.0,170.81651305683602
57.02,170.81651305683602
57.04,170.81651305683602
57.06,170.81651305683602
57.08,170.81651305683602
57.1,170.81651305683602
57.12,170.81651305683602
57.14,170.81651305683602
57.16,170.81651305683602
57.18,170.81651305683602
57.2,170.81651305683602
57.22,170.81651305683602
57.24,170.81651305683602
57.26,170.81651305683602
57.28,170.81651305683602
57.3,170.81651305683602
57.32,170.81651305683602
57.34,170.81651305683602
57.36,170.81651305683602
57.38,170.81651305683602
57.4,170.81651305683602
57.42,170.81651305683602
57.44,170.81651305683602
57.46,170.81651305683602
57.48,170.81651305683602
57.5,170.81651305683602
57.52,170.81651305683602
57.54,170.81651305683602
57.56,170.81651305683602
57.58,170.81651305683602
57.6,170.81651305683602
57.62,170.81651305683602
57.64,170.81651305683602
57.66,170.81651305683602
57.68,170.81651305683602
57.7,170.81651305683602
57.72,170.81651305683602
57.74,170.81651305683602
57.76,170.81651305683602
57.78,170.81651305683602
57.8,170.81651305683602
57.82,170.81651305683602
57.84,170.81651305683602
57.86,170.81651305683602
57.88,170.81651305683602
57.9,170.81651305683602
57.92,170.81651305683602
57.94,170.81651305683602
57.96,170.81651305683602
57.98,170.81651305683602
58.0,170.81651305683602
58.02,170.81651305683602
58.04,170.81651305683602
58.06,170.81651305683602
58.08,170.81651305683602
58.1,170.81651305683602
58.12,170.81651305683602
58.14,170.81651305683602
58.16,170.81651305683602
58.18,170.81651305683602
58.2,170.81651305683602
58.22,170.81651305683602
58.24,170.81651305683602
58.26,170.81651305683602
58.28,170.81651305683602
58.3,170.81651305683602
58.32,170.81651305683602
58.34,170.81651305683602
58.36,170.81651305683602
58.38,170.81651305683602
58.4,170.81651305683602
58.42,170.81651305683602
58.44,170.81651305683602
58.46,170.81651305683602
58.48,170.81651305683602
58.5,170.81651305683602
58.52,170.81651305683602
58.54,170.81651305683602
58.56,170.81651305683602
58.58,170.81651305683602
58.6,170.81651305683602
58.62,170.81651305683602
58.64,170.81651305683602
58.66,170.81651305683602
58.68,170.81651305683602
58.7,170.81651305683602
58.72,170.81651305683602
58.74,170.81651305683602
58.76,170.81651305683602
58.78,170.81651305683602
58.8,170.81651305683602
58.82,170.81651305683602
58.84,170.81651305683602
58.86,170.81651305683602
58.88,170.81651305683602
58.9,170.81651305683602
58.92,170.81651305683602
58.94,170.81651305683602
58.96,170.81651305683602
58.98,170.81651305683602
59.0,170.81651305683602
59.02,170.81651305683602
59.04,170.81651305683602
59.06,170.81651305683602
59.08,170.81651305683602
59.1,170.81651305683602
59.12,170.81651305683602
59.14,170.81651305683602
59.16,170.81651305683602
59.18,170.81651305683602
59.2,170.81651305683602
59.22,170.81651305683602
59.24,170.81651305683602
59.26,170.81651305683602
59.28,170.81651305683602
59.3,170.81651305683602
59.32,170.81651305683602
59.34,170.81651305683602
59.36,170.81651305683602
59.38,170.81651305683602
59.4,170.81651305683602
59.42,170.81651305683602
59.44,170.81651305683602
59.46,170.81651305683602
59.48,170.81651305683602
59.5,170.81651305683602
59.52,170.81651305683602
59.54,170.81651305683602
59.56,170.81651305683602
59.58,170.81651305683602
59.6,170.81651305683602
59.62,170.81651305683602
59.64,170.81651305683602
59.66,170.81651305683602
59.68,170.81651305683602
59.7,170.81651305683602
59.72,170.81651305683602
59.74,170.81651305683602
59.76,170.81651305683602
59.78,170.81651305683602
59.8,170.81651305683602
59.82,170.81651305683602
59.84,170.81651305683602
59.86,170.81651305683602
59.88,170.81651305683602
59.9,170.81651305683602
59.92,170.81651305683602
59.94,170.81651305683602
59.96,170.81651305683602
59.98,170.81651305683602
60.0,170.81651305683602
60.02,170.81651305683602
60.04,170.81651305683602
60.06,170.81651305683602
60.08,170.81651305683602
60.1,170.81651305683602
60.12,170.81651305683602
60.14,170.81651305683602
60.16,170.81651305683602
60.18,170.81651305683602
60.2,170.81651305683602
60.22,170.81651305683602
60.24,170.81651305683602
60.26,170.81651305683602
60.28,170.81651305683602
60.3,170.81651305683602
60.32,170.81651305683602
60.34,170.81651305683602
60.36,170.81651305683602
60.38,170.81651305683602
60.4,170.81651305683602
60.42,170.81651305683602
60.44,170.7707071088619
60.46,170.72490116088778
60.48,170.67909521291367
60.5,170.63328926493955
60.52,170.58748331696546
60.54,170.54167736899134
60.56,170.49587142101723
60.58,170.4500654730431
60.6,170.404259525069
60.62,170.35845357709488
60.64,170.31264762912076
60.66,170.26684168114664
60.68,170.22103573317253
60.7,170.17522978519844
60.72,170.12942383722432
60.74,170.0836178892502
60.76,170.0378119412761
60.78,169.99200599330197
60.8,169.94620004532786
60.82,169.90039409735374
60.84,169.85458814937962
60.86,169.80878220140553
60.88,169.76297625343142
60.9,169.7171703054573
60.92,169.67136435748318
60.94,169.62555840950907
60.96,169.57975246153495
60.98,169.53394651356084
61.0,169.48814056558672
61.02,169.4423346176126
61.04,169.3965286696385
61.06,169.3507227216644
61.08,169.30491677369028
61.1,169.25911082571616
61.12,169.21330487774205
61.14,169.16749892976793
61.16,169.1216929817938
61.18,169.0758870338197
61.2,169.03008108584558
61.22,168.9842751378715
61.24,168.93846918989738
61.26,168.89266324192326
61.28,168.84685729394914
61.3,168.80105134597503
61.32,168.7552453980009
61.34,168.7094394500268
61.36,168.66363350205268
61.38,168.6178275540786
61.4,168.57202160610447
61.42,168.52621565813035
61.44,168.48040971015624
61.46,168.43460376218212
61.48,168.388797814208
61.5,168.3429918662339
61.52,168.29718591825977
61.54,168.25137997028565
61.56,168.20557402231157
61.58,168.15976807433745
61.6,168.11396212636333
61.62,168.06815617838922
61.64,168.0223502304151
61.66,167.97654428244098
61.68,167.93073833446687
61.7,167.88493238649275
61.72,167.83912643851863
61.74,167.79332049054455
61.76,167.74751454257043
61.78,167.7017085945963
61.8,167.6559026466222
61.82,167.61009669864808
61.84,167.56429075067396
61.86,167.51848480269985
61.88,167.47267885472573
61.9,167.4268729067516
61.92,167.38106695877752
61.94,167.3352610108034
61.96,167.2894550628293
61.98,167.24364911485517
62.0,167.19784316688106
62.02,167.15203721890694
62.04,167.10623127093282
62.06,167.0604253229587
62.08,167.01461937498462
62.1,166.9688134270105
62.12,166.9230074790364
62.14,166.87720153106227
62.16,166.83139558308815
62.18,166.78558963511404
62.2,166.73978368713992
62.22,166.6939777391658
62.24,166.6481717911917
62.26,166.6023658432176
62.28,166.55655989524348
62.3,166.51075394726936
62.32,166.46494799929525
62.34,166.41914205132113
62.36,166.37333610334701
62.38,166.3275301553729
62.4,166.28172420739878
62.42,166.23591825942466
62.44,166.19011231145058
62.46,166.14430636347646
62.48,166.09850041550234
62.5,166.05269446752823
62.52,166.0068885195541
62.54,165.96108257158
62.56,165.91527662360588
62.58,165.86947067563176
62.6,165.82366472765767
62.62,165.77785877968356
62.64,165.73205283170944
62.66,165.68624688373532
62.68,165.6404409357612
62.7,165.5946349877871
62.72,165.54882903981297
62.74,165.50302309183886
62.76,165.45721714386474
62.78,165.41141119589065
62.8,165.36560524791653
62.82,165.31979929994242
62.84,165.2739933519683
62.86,165.22818740399418
62.88,165.18238145602007
62.9,165.13657550804595
62.92,165.09076956007183
62.94,165.04496361209772
62.96,164.99915766412363
62.98,164.9533517161495
63.0,164.9075457681754
63.02,164.86173982020128
63.04,164.81593387222716
63.06,164.77012792425305
63.08,164.72432197627893
63.1,164.6785160283048
63.12,164.6327100803307
63.14,164.5869041323566
63.16,164.5410981843825
63.18,164.49529223640837
63.2,164.44948628843426
63.22,164.40368034046014
63.24,164.35787439248602
63.26,164.3120684445119
63.28,164.2662624965378
63.3,164.2204565485637
63.32,164.1746506005896
63.34,164.12884465261547
63.36,164.08303870464135
63.38,164.03723275666724
63.4,163.99142680869312
63.42,163.945620860719
63.44,163.8998149127449
63.46,163.85400896477077
63.48,163.80820301679668
63.5,163.76239706882257
63.52,163.71659112084845
63.54,163.67078517287433
63.56,163.62497922490022
63.58,163.5791732769261
63.6,163.53336732895198
63.62,163.48756138097787
63.64,163.44175543300375
63.66,163.39594948502966
63.68,163.35014353705554
63.7,163.30433758908143
63.72,163.2585316411073
63.74,163.2127256931332
63.76,163.16691974515908
63.78,163.12111379718496
63.8,163.07530784921084
63.82,163.02950190123676
63.84,162.98369595326264
63.86,162.93789000528852
63.88,162.8920840573144
63.9,162.8462781093403
63.92,162.80047216136617
63.94,162.75466621339206
63.96,162.70886026541794
63.98,162.66305431744382
64.0,162.61724836946973
64.02,162.57144242149562
64.04,162.5256364735215
64.06,162.47983052554738
64.08,162.43402457757327
64.1,162.38821862959915
64.12,162.34241268162504
64.14,162.29660673365092
64.16,162.2508007856768
64.18,162.2049948377027
64.2,162.1591888897286
64.22,162.11338294175448
64.24,162.06757699378036
64.26,162.02177104580625
64.28,161.97596509783213
64.3,161.930159149858
64.32,161.8843532018839
64.34,161.83854725390978
64.36,161.7927413059357
64.38,161.74693535796158
64.4,161.70112940998746
64.42,161.65532346201334
64.44,161.60951751403923
64.46,161.5637115660651
64.48,161.517905618091
64.5,161.47209967011688
64.52,161.42629372214276
64.54,161.38048777416867
64.56,161.33468182619455
64.58,161.28887587822044
64.6,161.24306993024632
64.62,161.1972639822722
64.64,161.1514580342981
64.66,161.10565208632397
64.68,161.05984613834985
64.7,161.01404019037577
64.72,160.96823424240165
64.74,160.92242829442753
64.76,160.87662234645342
64.78,160.8308163984793
64.8,160.78501045050518
64.82,160.73920450253107
64.84,160.69339855455695
64.86,160.64759260658286
64.88,160.60178665860875
64.9,160.55598071063463
64.92,160.5101747626605
64.94,160.4643688146864
64.96,160.41856286671228
64.98,160.37275691873816
65.0,160.32695097076405
65.02,160.28114502278993
65.04,160.23533907481584
65.06,160.18953312684172
65.08,160.1437271788676
65.1,160.0979212308935
65.12,160.05211528291937
65.14,160.00630933494526
65.16,159.96050338697114
65.18,159.91469743899702
65.2,159.8688914910229
65.22,159.82308554304882
65.24,159.7772795950747
65.26,159.7314736471006
65.28,159.68566769912647
65.3,159.63986175115235
65.32,159.62159924901889
65.34,159.60333674688542
65.36,159.58507424475195
65.38,159.56681174261848
65.4,159.54854924048502
65.42,159.53028673835152
65.44,159.51202423621805
65.46,159.4937617340846
65.48,159.47549923195112
65.5,159.45723672981765
65.52,159.43897422768418
65.54,159.42071172555072
65.56,159.40244922341725
65.58,159.38418672128378
65.6,159.36592421915032
65.62,159.34766171701682
65.64,159.32939921488335
65.66,159.31113671274989
65.68,159.29287421061642
65.7,159.27461170848295
65.72,159.25634920634948
65.74,159.23808670421602
65.76,159.21982420208255
65.78,159.20156169994908
65.8,159.18329919781561
65.82,159.16503669568212
65.84,159.14677419354865
65.86,159.12851169141518
65.88,159.11024918928172
65.9,159.09198668714825
65.92,159.07372418501478
65.94,159.05546168288132
65.96,159.03719918074785
65.98,159.01893667861438
66.0,159.0006741764809
66.02,158.98241167434742
66.04,158.96414917221395
66.06,158.94588667008048
66.08,158.92762416794702
66.1,158.90936166581355
66.12,158.89109916368008
66.14,158.87283666154661
66.16,158.85457415941315
66.18,158.83631165727968
66.2,158.8180491551462
66.22,158.79978665301272
66.24,158.78152415087925
66.26,158.76326164874578
66.28,158.74499914661232
66.3,158.72673664447885
66.32,158.70847414234538
66.34,158.6902116402119
66.36,158.67194913807845
66.38,158.65368663594498
66.4,158.6354241338115
66.42,158.61716163167804
66.44,158.59889912954455
66.46,158.58063662741108
66.48,158.56237412527761
66.5,158.54411162314415
66.52,158.52584912101068
66.54,158.5075866188772
66.56,158.48932411674375
66.58,158.47106161461028
66.6,158.4527991124768
66.62,158.43453661034334
66.64,158.41627410820985
66.66,158.39801160607638
66.68,158.3797491039429
66.7,158.36148660180945
66.72,158.34322409967598
66.74,158.3249615975425
66.76,158.30669909540904
66.78,158.28843659327558
66.8,158.2701740911421
66.82,158.25191158900864
66.84,158.23364908687515
66.86,158.21538658474168
66.88,158.1971240826082
66.9,158.17886158047475
66.92,158.16059907834128
66.94,158.1423365762078
66.96,158.12407407407434
66.98,158.10581157194088
67.0,158.0875490698074
67.02,158.06928656767394
67.04,158.05102406554045
67.06,158.03276156340698
67.08,158.0144990612735
67.1,157.99623655914004
67.12,157.97797405700658
67.14,157.9597115548731
67.16,157.94144905273964
67.18,157.92318655060618
67.2,157.9049240484727
67.22,157.88666154633924
67.24,157.86839904420574
67.26,157.85013654207228
67.28,157.8318740399388
67.3,157.81361153780534
67.32,157.79534903567188
67.34,157.7770865335384
67.36,157.75882403140494
67.38,157.74056152927147
67.4,157.722299027138
67.42,157.70403652500454
67.44,157.68577402287107
67.46,157.66751152073758
67.48,157.6492490186041
67.5,157.63098651647064
67.52,157.61272401433718
67.54,157.5944615122037
67.56,157.57619901007024
67.58,157.55793650793677
67.6,157.5396740058033
67.62,157.52141150366984
67.64,157.50314900153637
67.66,157.48488649940288
67.68,157.4666239972694
67.7,157.44836149513594
67.72,157.43009899300247
67.74,157.411836490869
67.76,157.39357398873554
67.78,157.37531148660207
67.8,157.3570489844686
67.82,157.33878648233514
67.84,157.32052398020167
67.86,157.30226147806817
67.88,157.2839989759347
67.9,157.26573647380124
67.92,157.24747397166777
67.94,157.2292114695343
67.96,157.21094896740084
67.98,157.19268646526737
68.0,157.1744239631339
68.02,157.15616146100044
68.04,157.13789895886697
68.06,157.11963645673347
68.08,157.1013739546
68.1,157.08311145246654
68.12,157.06484895033307
68.14,157.0465864481996
68.16,157.02832394606614
68.18,157.01006144393267
68.2,156.9917989417992
68.22,156.97353643966574
68.24,156.95527393753227
68.26,156.9370114353988
68.28,156.9187489332653
68.3,156.90048643113184
68.32,156.88222392899837
68.34,156.8639614268649
68.36,156.84569892473144
68.38,156.82743642259797
68.4,156.8091739204645
68.42,156.79091141833104
68.44,156.77264891619757
68.46,156.7543864140641
68.48,156.7361239119306
68.5,156.71786140979714
68.52,156.69959890766367
68.54,156.6813364055302
68.56,156.66307390339674
68.58,156.64481140126327
68.6,156.6265488991298
68.62,156.60828639699633
68.64,156.59002389486287
68.66,156.5717613927294
68.68,156.5534988905959
68.7,156.53523638846244
68.72,156.51697388632897
68.74,156.4987113841955
68.76,156.48044888206203
68.78,156.46218637992857
68.8,156.4439238777951
68.82,156.42566137566163
68.84,156.40739887352817
68.86,156.3891363713947
68.88,156.3708738692612
68.9,156.35261136712774
68.92,156.33434886499427
68.94,156.3160863628608
68.96,156.29782386072733
68.98,156.27956135859387
69.0,156.2612988564604
69.02,156.24303635432693
69.04,156.22477385219347
69.06,156.20651135006
69.08,156.1882488479265
69.1,156.16998634579303
69.12,156.15172384365957
69.14,156.1334613415261
69.16,156.11519883939263
69.18,156.09693633725917
69.2,156.0786738351257
69.22,156.06041133299223
69.24,156.04214883085876
69.26,156.0238863287253
69.28,156.00562382659183
69.3,155.98736132445833
69.32,155.96909882232487
69.34,155.9508363201914
69.36,155.93257381805793
69.38,155.91431131592446
69.4,155.896048813791
69.42,155.87778631165753
69.44,155.85952380952406
69.46,155.8412613073906
69.48,155.82299880525713
69.5,155.80473630312363
69.52,155.78647380099017
69.54,155.7682112988567
69.56,155.74994879672323
69.58,155.73168629458976
69.6,155.7134237924563
69.62,155.69516129032283
69.64,155.67689878818936
69.66,155.6586362860559
69.68,155.64037378392243
69.7,155.62211128178893
69.72,155.60384877965546
69.74,155.585586277522
69.76,155.56732377538853
69.78,155.54906127325506
69.8,155.5307987711216
69.82,155.51253626898813
69.84,155.49427376685466
69.86,155.4760112647212
69.88,155.45774876258773
69.9,155.43948626045423
69.92,155.42122375832076
69.94,155.4029612561873
69.96,155.38469875405383
69.98,155.36643625192036
70.0,155.3481737497869
70.02,155.32991124765343
70.04,155.31164874551996
70.06,155.2933862433865
70.08,155.27512374125303
70.1,155.25686123911953
70.12,155.23859873698606
70.14,155.2203362348526
70.16,155.20207373271913
70.18,155.18381123058566
70.2,155.1655487284522
70.22,155.14728622631873
70.24,155.12902372418526
70.26,155.1107612220518
70.28,155.09249871991832
70.3,155.07423621778486
70.32,155.05597371565136
70.34,155.0377112135179
70.36,155.01944871138443
70.38,155.00118620925096
70.4,154.9829237071175
70.42,154.96466120498403
70.44,154.94639870285056
70.46,154.9281362007171
70.48,154.90987369858362
70.5,154.89161119645013
70.52,154.87334869431666
70.54,154.8550861921832
70.56,154.83682369004973
70.58,154.81856118791626
70.6,154.8002986857828
70.62,154.78203618364932
70.64,154.76377368151586
70.66,154.7455111793824
70.68,154.72724867724892
70.7,154.70898617511546
70.72,154.69072367298196
70.74,154.6724611708485
70.76,154.65419866871503
70.78,154.63593616658156
70.8,154.6176736644481
70.82,154.59941116231462
70.84,154.58114866018116
70.86,154.5628861580477
70.88,154.54462365591422
70.9,154.52636115378075
70.92,154.50809865164726
70.94,154.4898361495138
70.96,154.47157364738032
70.98,154.45331114524686
71.0,154.4350486431134
71.02,154.41678614097992
71.04,154.39852363884646
71.06,154.380261136713
71.08,154.36199863457952
71.1,154.34373613244605
71.12,154.32547363031256
71.14,154.3072111281791
71.16,154.28894862604562
71.18,154.27068612391216
71.2,154.2524236217787
71.22,154.23416111964522
71.24,154.21589861751175
71.26,154.1976361153783
71.28,154.17937361324482
71.3,154.16111111111135
71.32,154.14284860897789
71.34,154.1245861068444
71.36,154.10632360471092
71.38,154.08806110257746
71.4,154.069798600444
71.42,154.05153609831052
71.44,154.06234523883825
71.46,154.073154379366
71.48,154.08396351989373
71.5,154.09477266042148
71.52,154.1055818009492
71.54,154.11639094147696
71.56,154.1272000820047
71.58,154.13800922253245
71.6,154.14881836306017
71.62,154.15962750358793
71.64,154.17043664411565
71.66,154.1812457846434
71.68,154.19205492517113
71.7,154.2028640656989
71.72,154.21367320622662
71.74,154.22448234675437
71.76,154.2352914872821
71.78,154.24610062780985
71.8,154.25690976833758
71.82,154.26771890886533
71.84,154.27852804939306
71.86,154.28933718992081
71.88,154.30014633044854
71.9,154.3109554709763
71.92,154.32176461150402
71.94,154.33257375203178
71.96,154.3433828925595
71.98,154.35419203308726
72.0,154.36500117361498
72.02,154.37581031414274
72.04,154.38661945467047
72.06,154.39742859519822
72.08,154.40823773572595
72.1,154.4190468762537
72.12,154.42985601678143
72.14,154.44066515730918
72.16,154.4514742978369
72.18,154.46228343836466
72.2,154.4730925788924
72.22,154.48390171942015
72.24,154.49471085994787
72.26,154.50552000047563
72.28,154.51632914100335
72.3,154.5271382815311
72.32,154.53794742205883
72.34,154.5487565625866
72.36,154.55956570311432
72.38,154.57037484364207
72.4,154.5811839841698
72.42,154.59199312469755
72.44,154.60280226522528
72.46,154.61361140575303
72.48,154.62442054628076
72.5,154.63522968680851
72.52,154.64603882733624
72.54,154.656847967864
72.56,154.66765710839172
72.58,154.67846624891948
72.6,154.6892753894472
72.62,154.70008452997496
72.64,154.71089367050268
72.66,154.72170281103044
72.68,154.73251195155817
72.7,154.74332109208592
72.72,154.75413023261365
72.74,154.7649393731414
72.76,154.77574851366913
72.78,154.78655765419688
72.8,154.7973667947246
72.82,154.80817593525236
72.84,154.8189850757801
72.86,154.82979421630785
72.88,154.84060335683557
72.9,154.85141249736333
72.92,154.86222163789105
72.94,154.8730307784188
72.96,154.88383991894653
72.98,154.8946490594743
73.0,154.90545820000202
73.02,154.91626734052977
73.04,154.9270764810575
73.06,154.93788562158525
73.08,154.94869476211298
73.1,154.95950390264073
73.12,154.97031304316846
73.14,154.98112218369621
73.16,154.99193132422394
73.18,155.0027404647517
73.2,155.01354960527942
73.22,155.02435874580718
73.24,155.0351678863349
73.26,155.04597702686266
73.28,155.05678616739038
73.3,155.06759530791814
73.32,155.07840444844587
73.34,155.08921358897362
73.36,155.10002272950135
73.38,155.1108318700291
73.4,155.12164101055683
73.42,155.13245015108458
73.44,155.1432592916123
73.46,155.15406843214006
73.48,155.1648775726678
73.5,155.17568671319555
73.52,155.18649585372327
73.54,155.197304994251
73.56,155.20811413477875
73.58,155.21892327530648
73.6,155.22973241583423
73.62,155.24054155636196
73.64,155.25135069688972
73.66,155.26215983741744
73.68,155.2729689779452
73.7,155.28377811847292
73.72,155.29458725900068
73.74,155.3053963995284
73.76,155.31620554005616
73.78,155.3270146805839
73.8,155.33782382111164
73.82,155.34863296163937
73.84,155.35944210216712
73.86,155.37025124269485
73.88,155.3810603832226
73.9,155.39186952375033
73.92,155.40267866427808
73.94,155.4134878048058
73.96,155.42429694533357
73.98,155.4351060858613
74.0,155.44591522638905
74.02,155.45672436691677
74.04,155.46753350744453
74.06,155.47834264797226
74.08,155.4891517885
74.1,155.49996092902774
74.12,155.5107700695555
74.14,155.52157921008322
74.16,155.53238835061097
74.18,155.5431974911387
74.2,155.55400663166645
74.22,155.56481577219418
74.24,155.57562491272193
74.26,155.58643405324966
74.28,155.59724319377742
74.3,155.60805233430514
74.32,155.6188614748329
74.34,155.62967061536062
74.36,155.64047975588838
74.38,155.6512888964161
74.4,155.66209803694386
74.42,155.6729071774716
74.44,155.68371631799934
74.46,155.69452545852707
74.48,155.70533459905482
74.5,155.71614373958255
74.52,155.7269528801103
74.54,155.73776202063803
74.56,155.74857116116578
74.58,155.7593803016935
74.6,155.77018944222127
74.62,155.780998582749
74.64,155.79180772327675
74.66,155.80261686380447
74.68,155.81342600433223
74.7,155.82423514485995
74.72,155.8350442853877
74.74,155.84585342591544
74.76,155.8566625664432
74.78,155.86747170697092
74.8,155.87828084749867
74.82,155.8890899880264
74.84,155.89989912855415
74.86,155.91070826908188
74.88,155.92151740960963
74.9,155.93232655013736
74.92,155.94313569066512
74.94,155.95394483119284
74.96,155.9647539717206
74.98,155.97556311224832
75.0,155.98637225277608
75.02,155.9971813933038
75.04,156.00799053383156
75.06,156.0187996743593
75.08,156.02960881488704
75.1,156.04041795541477
75.12,156.05122709594252
75.14,156.06203623647025
75.16,156.072845376998
75.18,156.08365451752573
75.2,156.09446365805348
75.22,156.1052727985812
75.24,156.11608193910897
75.26,156.1268910796367
75.28,156.13770022016445
75.3,156.14850936069217
75.32,156.15931850121993
75.34,156.17012764174765
75.36,156.1809367822754
75.38,156.19174592280314
75.4,156.2025550633309
75.42,156.21336420385862
75.44,156.22417334438637
75.46,156.2349824849141
75.48,156.24579162544185
75.5,156.25660076596958
75.52,156.26740990649733
75.54,156.27821904702506
75.56,156.2890281875528
75.58,156.29983732808054
75.6,156.3106464686083
75.62,156.32145560913602
75.64,156.33226474966375
75.66,156.3430738901915
75.68,156.35388303071923
75.7,156.364692171247
75.72,156.3755013117747
75.74,156.38631045230247
75.76,156.3971195928302
75.78,156.40792873335795
75.8,156.41873787388568
75.82,156.42954701441343
75.84,156.44035615494116
75.86,156.4511652954689
75.88,156.46197443599664
75.9,156.4727835765244
75.92,156.48359271705212
75.94,156.49440185757987
75.96,156.5052109981076
75.98,156.51602013863535
76.0,156.52682927916308
76.02,156.53763841969084
76.04,156.54844756021856
76.06,156.55925670074632
76.08,156.57006584127404
76.1,156.5808749818018
76.12,156.59168412232953
76.14,156.60249326285728
76.16,156.613302403385
76.18,156.62411154391276
76.2,156.6349206844405
76.22,156.64572982496824
76.24,156.65653896549597
76.26,156.66734810602372
76.28,156.67815724655145
76.3,156.6889663870792
76.32,156.69977552760693
76.34,156.7105846681347
76.36,156.7213938086624
76.38,156.73220294919017
76.4,156.7430120897179
76.42,156.75382123024565
76.44,156.76463037077338
76.46,156.77543951130113
76.48,156.78624865182886
76.5,156.7970577923566
76.52,156.80786693288434
76.54,156.8186760734121
76.56,156.82948521393982
76.58,156.84029435446757
76.6,156.8511034949953
76.62,156.86191263552305
76.64,156.87272177605078
76.66,156.88353091657854
76.68,156.89434005710626
76.7,156.90514919763402
76.72,156.91595833816174
76.74,156.9267674786895
76.76,156.93757661921723
76.78,156.94838575974498
76.8,156.9591949002727
76.82,156.97000404080046
76.84,156.9808131813282
76.86,156.99162232185594
76.88,157.00243146238367
76.9,157.01324060291142
76.92,157.02404974343915
76.94,157.0348588839669
76.96,157.04566802449463
76.98,157.0564771650224
77.0,157.0672863055501
77.02,157.07809544607787
77.04,157.0889045866056
77.06,157.09971372713335
77.08,157.11052286766107
77.1,157.12133200818883
77.12,157.13214114871656
77.14,157.1429502892443
77.16,157.15375942977204
77.18,157.1645685702998
77.2,157.17537771082752
77.22,157.18618685135527
77.24,157.196995991883
77.26,157.20780513241075
77.28,157.21861427293848
77.3,157.22942341346624
77.32,157.24023255399396
77.34,157.25104169452172
77.36,157.26185083504944
77.38,157.2726599755772
77.4,157.28346911610492
77.42,157.29427825663268
77.44,157.3050873971604
77.46,157.31589653768816
77.48,157.3267056782159
77.5,157.33751481874364
77.52,157.34832395927137
77.54,157.35913309979912
77.56,157.36994224032685
77.58,157.3807513808546
77.6,157.39156052138233
77.62,157.4023696619101
77.64,157.4131788024378
77.66,157.42398794296554
77.68,157.4347970834933
77.7,157.44560622402102
77.72,157.45641536454877
77.74,157.4672245050765
77.76,157.47803364560426
77.78,157.48884278613198
77.8,157.49965192665974
77.82,157.51046106718746
77.84,157.52127020771522
77.86,157.53207934824295
77.88,157.5428884887707
77.9,157.55369762929843
77.92,157.56450676982618
77.94,157.5753159103539
77.96,157.58612505088166
77.98,157.5969341914094
78.0,157.60774333193714
78.02,157.61855247246487
78.04,157.62936161299262
78.06,157.64017075352035
78.08,157.6509798940481
78.1,157.66178903457583
78.12,157.6725981751036
78.14,157.6834073156313
78.16,157.69421645615907
78.18,157.7050255966868
78.2,157.71583473721455
78.22,157.72664387774228
78.24,157.73745301827003
78.26,157.74826215879776
78.28,157.7590712993255
78.3,157.76988043985324
78.32,157.780689580381
78.34,157.79149872090872
78.36,157.80230786143647
78.38,157.8131170019642
78.4,157.82392614249196
78.42,157.83473528301968
78.44,157.84554442354744
78.46,157.85635356407516
78.48,157.86716270460292
78.5,157.87797184513065
78.52,157.8887809856584
78.54,157.89959012618613
78.56,157.91039926671388
78.58,157.9212084072416
78.6,157.93201754776936
78.62,157.9428266882971
78.64,157.95363582882484
78.66,157.96444496935257
78.68,157.97525410988032
78.7,157.98606325040805
78.72,157.9968723909358
78.74,158.00768153146353
78.76,158.0184906719913
78.78,158.029299812519
78.8,158.04010895304677
78.82,158.0509180935745
78.84,158.06172723410225
78.86,158.07253637462998
78.88,158.08334551515773
78.9,158.09415465568546
78.92,158.1049637962132
78.94,158.11577293674094
78.96,158.1265820772687
78.98,158.13739121779642
79.0,158.14820035832417
79.02,158.1590094988519
79.04,158.16981863937966
79.06,158.18062777990738
79.08,158.19143692043514
79.1,158.20224606096286
79.12,158.21305520149062
79.14,158.22386434201835
79.16,158.2346734825461
79.18,158.24548262307383
79.2,158.25629176360158
79.22,158.2671009041293
79.24,158.27791004465706
79.26,158.2887191851848
79.28,158.29952832571254
79.3,158.31033746624027
79.32,158.32114660676802
79.34,158.33195574729575
79.36,158.3427648878235
79.38,158.35357402835123
79.4,158.364383168879
79.42,158.3751923094067
79.44,158.38600144993447
79.46,158.3968105904622
79.48,158.40761973098995
79.5,158.41842887151768
79.52,158.42923801204543
79.54,158.44004715257316
79.56,158.4508562931009
79.58,158.46166543362864
79.6,158.4724745741564
79.62,158.48328371468412
79.64,158.49409285521187
79.66,158.5049019957396
79.68,158.51571113626733
79.7,158.52652027679508
79.72,158.53732941732284
79.74,158.54813855785056
79.76,158.5589476983783
79.78,158.56975683890605
79.8,158.58056597943377
79.82,158.59137511996153
79.84,158.60218426048925
79.86,158.612993401017
79.88,158.62380254154473
79.9,158.6346116820725
79.92,158.64542082260022
79.94,158.65622996312797
79.96,158.6670391036557
79.98,158.67784824418345
80.0,158.68865738471118
80.02,158.69946652523893
80.04,158.71027566576666
80.06,158.7210848062944
80.08,158.73189394682214
80.1,158.7427030873499
80.12,158.75351222787762
80.14,158.76432136840538
80.16,158.7751305089331
80.18,158.78593964946086
80.2,158.79674878998858
80.22,158.80755793051634
80.24,158.81836707104407
80.26,158.82917621157182
80.28,158.83998535209955
80.3,158.8507944926273
80.32,158.86160363315503
80.34,158.87241277368278
80.36,158.8832219142105
80.38,158.89403105473826
80.4,158.904840195266
80.42,158.91564933579374
80.44,158.92645847632147
80.46,158.93726761684923
80.48,158.94807675737695
80.5,158.9588858979047
80.52,158.96969503843243
80.54,158.9805041789602
80.56,158.99131331948792
80.58,159.00212246001567
80.6,159.0129316005434
80.62,159.02374074107115
80.64,159.03454988159888
80.66,159.04535902212663
80.68,159.05616816265436
80.7,159.0669773031821
80.72,159.07778644370984
80.74,159.0885955842376
80.76,159.09940472476532
80.78,159.11021386529308
80.8,159.1210230058208
80.82,159.13183214634856
80.84,159.14264128687628
80.86,159.15345042740404
80.88,159.16425956793177
80.9,159.17506870845952
80.92,159.18587784898725
80.94,159.196686989515
80.96,159.20749613004273
80.98,159.21830527057048
81.0,159.2291144110982
81.02,159.23992355162596
81.04,159.2507326921537
81.06,159.26154183268144
81.08,159.27235097320917
81.1,159.28316011373693
81.12,159.29396925426465
81.14,159.3047783947924
81.16,159.31558753532013
81.18,159.3263966758479
81.2,159.33720581637562
81.22,159.34801495690337
81.24,159.3588240974311
81.26,159.36963323795885
81.28,159.38044237848658
81.3,159.39125151901433
81.32,159.40206065954206
81.34,159.4128698000698
81.36,159.42367894059754
81.38,159.4344880811253
81.4,159.44529722165302
81.42,159.45610636218078
81.44,159.4669155027085
81.46,159.47772464323626
81.48,159.48853378376398
81.5,159.49934292429174
81.52,159.51015206481947
81.54,159.52096120534722
81.56,159.53177034587495
81.58,159.5425794864027
81.6,159.55338862693043
81.62,159.56419776745818
81.64,159.5750069079859
81.66,159.58581604851366
81.68,159.5966251890414
81.7,159.60743432956914
81.72,159.61824347009687
81.74,159.62905261062463
81.76,159.63986175115235
81.78,159.70751702539982
81.8,159.77517229964732
81.82,159.8428275738948
81.84,159.91048284814227
81.86,159.97813812238974
81.88,160.04579339663724
81.9,160.1134486708847
81.92,160.18110394513218
81.94,160.24875921937968
81.96,160.31641449362715
81.98,160.38406976787462
82.0,160.4517250421221
82.02,160.5193803163696
82.04,160.58703559061706
82.06,160.65469086486453
82.08,160.72234613911203
82.1,160.7900014133595
82.12,160.85765668760698
82.14,160.92531196185445
82.16,160.99296723610195
82.18,161.06062251034942
82.2,161.1282777845969
82.22,161.1959330588444
82.24,161.26358833309186
82.26,161.33124360733933
82.28,161.3988988815868
82.3,161.4665541558343
82.32,161.53420943008177
82.34,161.60186470432924
82.36,161.66951997857672
82.38,161.73717525282422
82.4,161.8048305270717
82.42,161.87248580131916
82.44,161.94014107556666
82.46,162.00779634981413
82.48,162.0754516240616
82.5,162.14310689830907
82.52,162.21076217255657
82.54,162.27841744680404
82.56,162.3460727210515
82.58,162.413727995299
82.6,162.48138326954648
82.62,162.54903854379396
82.64,162.61669381804143
82.66,162.68434909228893
82.68,162.7520043665364
82.7,162.81965964078387
82.72,162.88731491503137
82.74,162.95497018927884
82.76,163.0226254635263
82.78,163.09028073777378
82.8,163.15793601202128
82.82,163.22559128626875
82.84,163.29324656051622
82.86,163.36090183476372
82.88,163.4285571090112
82.9,163.49621238325867
82.92,163.56386765750614
82.94,163.63152293175364
82.96,163.6991782060011
82.98,163.76683348024858
83.0,163.83448875449608
83.02,163.90214402874355
83.04,163.96979930299102
83.06,164.0374545772385
83.08,164.105109851486
83.1,164.17276512573346
83.12,164.24042039998093
83.14,164.30807567422843
83.16,164.3757309484759
83.18,164.44338622272338
83.2,164.51104149697085
83.22,164.57869677121835
83.24,164.64635204546582
83.26,164.7140073197133
83.28,164.7816625939608
83.3,164.84931786820826
83.32,164.91697314245573
83.34,164.9846284167032
83.36,165.0522836909507
83.38,165.11993896519817
83.4,165.18759423944564
83.42,165.25524951369312
83.44,165.32290478794062
83.46,165.3905600621881
83.48,165.45821533643556
83.5,165.52587061068306
83.52,165.59352588493053
83.54,165.661181159178
83.56,165.7288364334255
83.58,165.79649170767297
83.6,165.86414698192044
83.62,165.9318022561679
83.64,165.9994575304154
83.66,166.06711280466288
83.68,166.13476807891035
83.7,166.20242335315783
83.72,166.27007862740533
83.74,166.3377339016528
83.76,166.40538917590027
83.78,166.47304445014777
83.8,166.54069972439524
83.82,166.6083549986427
83.84,166.67601027289018
83.86,166.74366554713768
83.88,166.81132082138515
83.9,166.87897609563262
83.92,166.94663136988012
83.94,167.0142866441276
83.96,167.08194191837507
83.98,167.14959719262254
84.0,167.21725246687004
84.02,167.2849077411175
84.04,167.35256301536498
84.06,167.42021828961248
84.08,167.48787356385995
84.1,167.55552883810742
84.12,167.6231841123549
84.14,167.6908393866024
84.16,167.75849466084986
84.18,167.82614993509733
84.2,167.89380520934483
84.22,167.9614604835923
84.24,168.02911575783978
84.26,168.09677103208725
84.28,168.16442630633475
84.3,168.23208158058222
84.32,168.2997368548297
84.34,168.3673921290772
84.36,168.43504740332466
84.38,168.50270267757213
84.4,168.5703579518196
84.42,168.6380132260671
84.44,168.70566850031457
84.46,168.77332377456204
84.48,168.84097904880952
84.5,168.90863432305702
84.52,168.9762895973045
84.54,169.04394487155196
84.56,169.11160014579946
84.58,169.17925542004693
84.6,169.2469106942944
84.62,169.3145659685419
84.64,169.38222124278937
84.66,169.44987651703684
84.68,169.5175317912843
84.7,169.5851870655318
84.72,169.65284233977928
84.74,169.72049761402675
84.76,169.78815288827423
84.78,169.85580816252173
84.8,169.9234634367692
84.82,169.99111871101667
84.84,170.05877398526417
84.86,170.12642925951164
84.88,170.1940845337591
84.9,170.26173980800658
84.92,170.32939508225408
84.94,170.39705035650155
84.96,170.46470563074902
84.98,170.53236090499652
85.0,170.600016179244
85.02,170.66767145349147
85.04,170.73532672773894
85.06,170.80298200198644
85.08,170.8706372762339
85.1,170.93829255048138
85.12,171.00594782472888
85.14,171.07360309897635
85.16,171.14125837322382
85.18,171.2089136474713
85.2,171.2765689217188
85.22,171.34422419596626
85.24,171.41187947021373
85.26,171.47953474446123
85.28,171.5471900187087
85.3,171.61484529295618
85.32,171.68250056720365
85.34,171.75015584145115
85.36,171.81781111569862
85.38,171.8854663899461
85.4,171.9531216641936
85.42,172.02077693844106
85.44,172.08843221268853
85.46,172.156087486936
85.48,172.2237427611835
85.5,172.29139803543097
85.52,172.35905330967844
85.54,172.42670858392592
85.56,172.49436385817341
85.58,172.5620191324209
85.6,172.62967440666836
85.62,172.69732968091586
85.64,172.76498495516333
85.66,172.8326402294108
85.68,172.9002955036583
85.7,172.96795077790577
85.72,173.03560605215324
85.74,173.1032613264007
85.76,173.1709166006482
85.78,173.23857187489568
85.8,173.30622714914315
85.82,173.37388242339063
85.84,173.44153769763813
85.86,173.5091929718856
85.88,173.57684824613307
85.9,173.64450352038057
85.92,173.71215879462804
85.94,173.7798140688755
85.96,173.847469343123
85.98,173.91512461737048
86.0,173.98277989161795
86.02,174.05043516586542
86.04,174.11809044011292
86.06,174.1857457143604
86.08,174.25340098860786
86.1,174.32105626285534
86.12,174.38871153710284
86.14,174.4563668113503
86.16,174.52402208559778
86.18,174.59167735984528
86.2,174.65933263409275
86.22,174.72698790834022
86.24,174.7946431825877
86.26,174.8622984568352
86.28,174.92995373108266
86.3,174.99760900533013
86.32,175.06526427957763
86.34,175.1329195538251
86.36,175.20057482807258
86.38,175.26823010232005
86.4,175.33588537656755
86.42,175.40354065081502
86.44,175.4711959250625
86.46,175.53885119931
86.48,175.60650647355746
86.5,175.67416174780493
86.52,175.7418170220524
86.54,175.8094722962999
86.56,175.87712757054737
86.58,175.94478284479484
86.6,176.01243811904232
86.62,176.08009339328981
86.64,176.1477486675373
86.66,176.21540394178476
86.68,176.28305921603226
86.7,176.35071449027973
86.72,176.4183697645272
86.74,176.4860250387747
86.76,176.55368031302217
86.78,176.62133558726964
86.8,176.6889908615171
86.82,176.7566461357646
86.84,176.82430141001208
86.86,176.89195668425955
86.88,176.95961195850703
86.9,177.02726723275453
86.92,177.094922507002
86.94,177.16257778124947
86.96,177.23023305549697
86.98,177.29788832974444
87.0,177.3655436039919
87.02,177.4331988782394
87.04,177.50085415248688
87.06,177.56850942673435
87.08,177.63616470098182
87.1,177.70381997522932
87.12,177.7714752494768
87.14,177.83913052372426
87.16,177.90678579797174
87.18,177.97444107221924
87.2,178.0420963464667
87.22,178.10975162071418
87.24,178.17740689496168
87.26,178.24506216920915
87.28,178.31271744345662
87.3,178.38037271770412
87.32,178.4480279919516
87.34,178.51568326619906
87.36,178.58333854044653
87.38,178.65099381469403
87.4,178.7186490889415
87.42,178.78630436318898
87.44,178.85395963743645
87.46,178.92161491168395
87.48,178.98927018593142
87.5,179.0569254601789
87.52,179.1245807344264
87.54,179.19223600867386
87.56,179.25989128292133
87.58,179.3275465571688
87.6,179.3952018314163
87.62,179.46285710566377
87.64,179.53051237991124
87.66,179.59816765415871
87.68,179.66582292840621
87.7,179.73347820265369
87.72,179.80113347690116
87.74,179.86878875114866
87.76,179.93644402539613
87.78,180.0040992996436
87.8,180.0717545738911
87.82,180.13940984813857
87.84,180.20706512238604
87.86,180.2747203966335
87.88,180.342375670881
87.9,180.41003094512848
87.92,180.47768621937595
87.94,180.54534149362343
87.96,180.61299676787092
87.98,180.6806520421184
88.0,180.74830731636587
88.02,180.81596259061337
88.04,180.88361786486084
88.06,180.9512731391083
88.08,181.0189284133558
88.1,181.08658368760328
88.12,181.15423896185075
88.14,181.22189423609822
88.16,181.28954951034572
88.18,181.3572047845932
88.2,181.42486005884066
88.22,181.49251533308814
88.24,181.56017060733564
88.26,181.6278258815831
88.28,181.69548115583058
88.3,181.76313643007808
88.32,181.83079170432555
88.34,181.89844697857302
88.36,181.96610225282052
88.38,182.033757527068
88.4,182.10141280131546
88.42,182.16906807556293
88.44,182.23672334981043
88.46,182.3043786240579
88.48,182.37203389830538
88.5,182.43968917255285
88.52,182.50734444680035
88.54,182.57499972104782
88.56,182.6426549952953
88.58,182.7103102695428
88.6,182.77796554379026
88.62,182.84562081803773
88.64,182.9132760922852
88.66,182.9809313665327
88.68,183.04858664078017
88.7,183.11624191502764
88.72,183.18389718927511
88.74,183.25155246352261
88.76,183.31920773777009
88.78,183.38686301201756
88.8,183.45451828626506
88.82,183.52217356051253
88.84,183.58982883476
88.86,183.6574841090075
88.88,183.72513938325497
88.9,183.79279465750244
88.92,183.8604499317499
88.94,183.9281052059974
88.96,183.99576048024488
88.98,184.06341575449235
89.0,184.13107102873983
89.02,184.19872630298732
89.04,184.2663815772348
89.06,184.33403685148227
89.08,184.40169212572977
89.1,184.46934739997724
89.12,184.5370026742247
89.14,184.6046579484722
89.16,184.67231322271968
89.18,184.73996849696715
89.2,184.80762377121462
89.22,184.87527904546212
89.24,184.9429343197096
89.26,185.01058959395706
89.28,185.07824486820454
89.3,185.14590014245204
89.32,185.2135554166995
89.34,185.28121069094698
89.36,185.34886596519448
89.38,185.41652123944195
89.4,185.48417651368942
89.42,185.55183178793692
89.44,185.6194870621844
89.46,185.68714233643186
89.48,185.75479761067933
89.5,185.82245288492683
89.52,185.8901081591743
89.54,185.95776343342177
89.56,186.02541870766925
89.58,186.09307398191675
89.6,186.16072925616422
89.62,186.2283845304117
89.64,186.2960398046592
89.66,186.36369507890666
89.68,186.43135035315413
89.7,186.4990056274016
89.72,186.5666609016491
89.74,186.63431617589657
89.76,186.70197145014404
89.78,186.76962672439154
89.8,186.837281998639
89.82,186.90493727288649
89.84,186.97259254713396
89.86,187.04024782138146
89.88,187.10790309562893
89.9,187.1755583698764
89.92,187.2432136441239
89.94,187.31086891837137
89.96,187.37852419261884
89.98,187.4461794668663
90.0,187.5138347411138
,187.58149001536128
